2026-04-22 11:47:24,227 | INFO | Bot started
2026-04-22 11:47:39,855 | INFO | Cycle start
2026-04-22 11:47:41,007 | INFO | Regime: BULL
2026-04-22 11:47:41,007 | INFO | Spot: 22500
2026-04-22 11:47:41,007 | INFO | MTM PnL: 0
2026-04-22 11:47:41,007 | INFO | PnL Summary: {'realized': 0, 'unrealized': 0, 'total': 0, 'open_positions': 0}
2026-04-22 11:47:41,007 | INFO | Greeks: {'delta': -0.05, 'gamma': 0.0001, 'theta': -0.01, 'vega': 0.05}
2026-04-22 11:47:41,007 | INFO | Executing BULL_PUT
2026-04-22 11:47:41,007 | INFO | Trade added: BULL_PUT
2026-04-22 11:48:11,017 | INFO | Cycle start
2026-04-22 11:48:11,029 | INFO | Regime: BULL
2026-04-22 11:48:11,033 | INFO | Spot: 22500
2026-04-22 11:48:11,034 | INFO | MTM PnL: 0
2026-04-22 11:48:11,034 | INFO | PnL Summary: {'realized': 0, 'unrealized': 0, 'total': 0, 'open_positions': 1}
2026-04-22 11:48:11,035 | WARNING | Cooldown active (30s)
2026-04-22 11:48:41,052 | INFO | Cycle start
2026-04-22 11:48:41,402 | INFO | Regime: BULL
2026-04-22 11:48:41,407 | INFO | Spot: 22500
2026-04-22 11:48:41,407 | INFO | MTM PnL: 0
2026-04-22 11:48:41,407 | INFO | PnL Summary: {'realized': 0, 'unrealized': 0, 'total': 0, 'open_positions': 1}
2026-04-22 11:48:41,407 | WARNING | Cooldown active (60s)
2026-04-22 11:49:11,418 | INFO | Cycle start
2026-04-22 11:49:11,448 | INFO | Regime: BULL
2026-04-22 11:49:11,448 | INFO | Spot: 22500
2026-04-22 11:49:11,450 | INFO | MTM PnL: 0
2026-04-22 11:49:11,450 | INFO | PnL Summary: {'realized': 0, 'unrealized': 0, 'total': 0, 'open_positions': 1}
2026-04-22 11:49:11,450 | WARNING | Cooldown active (90s)
2026-04-22 11:49:26,921 | INFO | Bot stopped
2026-04-22 11:54:27,948 | INFO | Bot started
2026-04-22 11:55:19,456 | INFO | Cycle start
2026-04-22 11:55:20,779 | INFO | Regime: BULL
2026-04-22 11:55:20,779 | INFO | Spot: 22500
2026-04-22 11:55:20,779 | ERROR | Error in cycle
2026-04-22 11:55:50,788 | INFO | Cycle start
2026-04-22 11:55:50,807 | INFO | Regime: BULL
2026-04-22 11:55:50,807 | INFO | Spot: 22500
2026-04-22 11:55:50,809 | ERROR | Error in cycle
2026-04-22 11:56:20,829 | INFO | Cycle start
2026-04-22 11:56:21,290 | INFO | Regime: BULL
2026-04-22 11:56:21,290 | INFO | Spot: 22500
2026-04-22 11:56:21,290 | ERROR | Error in cycle
2026-04-22 11:56:45,270 | INFO | Bot stopped
2026-04-22 11:57:33,477 | INFO | Bot started
2026-04-22 11:57:51,014 | INFO | Cycle start
2026-04-22 11:57:52,317 | INFO | Regime: BULL
2026-04-22 11:57:52,319 | INFO | Spot: 22500
2026-04-22 11:57:52,319 | INFO | MTM PnL: 0
2026-04-22 11:57:52,319 | INFO | PnL Summary: {'realized': 0, 'unrealized': 0, 'total': 0, 'open_positions': 0}
2026-04-22 11:57:52,321 | INFO | Greeks: {'delta': -0.05, 'gamma': 0.0001, 'theta': -0.01, 'vega': 0.05}
2026-04-22 11:57:52,321 | INFO | Executing BULL_PUT
2026-04-22 11:57:52,321 | INFO | Trade executed: BULL_PUT
2026-04-22 11:57:52,321 | INFO | Cycle complete

2026-04-22 11:58:22,334 | INFO | Cycle start
2026-04-22 11:58:22,355 | INFO | Regime: BULL
2026-04-22 11:58:22,355 | INFO | Spot: 22500
2026-04-22 11:58:22,355 | INFO | MTM PnL: 0
2026-04-22 11:58:22,357 | INFO | PnL Summary: {'realized': 0, 'unrealized': 0, 'total': 0, 'open_positions': 1}
2026-04-22 11:58:22,358 | INFO | Greeks: {'delta': -0.05, 'gamma': 0.0001, 'theta': -0.01, 'vega': 0.05}
2026-04-22 11:58:52,364 | INFO | Cycle start
2026-04-22 11:58:52,770 | INFO | Regime: BULL
2026-04-22 11:58:52,772 | INFO | Spot: 22500
2026-04-22 11:58:52,772 | INFO | MTM PnL: 0
2026-04-22 11:58:52,774 | INFO | PnL Summary: {'realized': 0, 'unrealized': 0, 'total': 0, 'open_positions': 1}
2026-04-22 11:58:52,776 | INFO | Greeks: {'delta': -0.05, 'gamma': 0.0001, 'theta': -0.01, 'vega': 0.05}
2026-04-22 11:59:22,785 | INFO | Cycle start
2026-04-22 11:59:22,808 | INFO | Regime: BULL
2026-04-22 11:59:22,810 | INFO | Spot: 22500
2026-04-22 11:59:22,810 | INFO | MTM PnL: 0
2026-04-22 11:59:22,810 | INFO | PnL Summary: {'realized': 0, 'unrealized': 0, 'total': 0, 'open_positions': 1}
2026-04-22 11:59:22,810 | INFO | Greeks: {'delta': -0.05, 'gamma': 0.0001, 'theta': -0.01, 'vega': 0.05}
2026-04-22 11:59:52,826 | INFO | Cycle start
2026-04-22 11:59:53,182 | INFO | Regime: BULL
2026-04-22 11:59:53,182 | INFO | Spot: 22500
2026-04-22 11:59:53,182 | INFO | MTM PnL: 0
2026-04-22 11:59:53,182 | INFO | PnL Summary: {'realized': 0, 'unrealized': 0, 'total': 0, 'open_positions': 1}
2026-04-22 11:59:53,188 | INFO | Greeks: {'delta': -0.05, 'gamma': 0.0001, 'theta': -0.01, 'vega': 0.05}
2026-04-22 12:00:23,196 | INFO | Cycle start
2026-04-22 12:00:23,251 | INFO | Regime: BULL
2026-04-22 12:00:23,252 | INFO | Spot: 22500
2026-04-22 12:00:23,252 | INFO | MTM PnL: 0
2026-04-22 12:00:23,252 | INFO | PnL Summary: {'realized': 0, 'unrealized': 0, 'total': 0, 'open_positions': 1}
2026-04-22 12:00:23,254 | INFO | Greeks: {'delta': -0.05, 'gamma': 0.0001, 'theta': -0.01, 'vega': 0.05}
2026-04-22 12:00:53,255 | INFO | Cycle start
2026-04-22 12:00:53,572 | INFO | Regime: BULL
2026-04-22 12:00:53,572 | INFO | Spot: 22500
2026-04-22 12:00:53,574 | INFO | MTM PnL: 0
2026-04-22 12:00:53,574 | INFO | PnL Summary: {'realized': 0, 'unrealized': 0, 'total': 0, 'open_positions': 1}
2026-04-22 12:00:53,574 | INFO | Greeks: {'delta': -0.05, 'gamma': 0.0001, 'theta': -0.01, 'vega': 0.05}
2026-04-22 12:01:23,584 | INFO | Cycle start
2026-04-22 12:01:23,598 | INFO | Regime: BULL
2026-04-22 12:01:23,598 | INFO | Spot: 22500
2026-04-22 12:01:23,598 | INFO | MTM PnL: 0
2026-04-22 12:01:23,598 | INFO | PnL Summary: {'realized': 0, 'unrealized': 0, 'total': 0, 'open_positions': 1}
2026-04-22 12:01:23,598 | INFO | Greeks: {'delta': -0.05, 'gamma': 0.0001, 'theta': -0.01, 'vega': 0.05}
2026-04-22 12:01:53,607 | INFO | Cycle start
2026-04-22 12:01:53,849 | INFO | Regime: BULL
2026-04-22 12:01:53,851 | INFO | Spot: 22500
2026-04-22 12:01:53,852 | INFO | MTM PnL: 0
2026-04-22 12:01:53,852 | INFO | PnL Summary: {'realized': 0, 'unrealized': 0, 'total': 0, 'open_positions': 1}
2026-04-22 12:01:53,852 | INFO | Greeks: {'delta': -0.05, 'gamma': 0.0001, 'theta': -0.01, 'vega': 0.05}
2026-04-22 12:02:03,342 | INFO | Bot stopped
2026-04-22 12:03:31,081 | INFO | Bot started
2026-04-22 12:03:59,335 | INFO | Cycle start
2026-04-22 12:04:00,834 | INFO | Regime: BULL
2026-04-22 12:04:00,834 | INFO | Spot: 22500
2026-04-22 12:04:00,836 | INFO | MTM PnL: 0
2026-04-22 12:04:00,836 | INFO | PnL Summary: {'realized': 0, 'unrealized': 0, 'total': 0, 'open_positions': 0}
2026-04-22 12:04:00,836 | INFO | Greeks: {'delta': -0.05, 'gamma': 0.0001, 'theta': -0.01, 'vega': 0.05}
2026-04-22 12:04:00,836 | INFO | Executing BULL_PUT
2026-04-22 12:04:00,836 | INFO | Trade executed: BULL_PUT
2026-04-22 12:04:00,838 | INFO | Cycle complete

2026-04-22 12:04:30,849 | INFO | Cycle start
2026-04-22 12:04:30,867 | INFO | Regime: BULL
2026-04-22 12:04:30,868 | INFO | Spot: 22500
2026-04-22 12:04:30,868 | INFO | MTM PnL: -23.160000000000004
2026-04-22 12:04:30,868 | INFO | PnL Summary: {'realized': 0, 'unrealized': -23.160000000000004, 'total': -23.160000000000004, 'open_positions': 1}
2026-04-22 12:04:30,869 | INFO | Greeks: {'delta': -0.05, 'gamma': 0.0001, 'theta': -0.01, 'vega': 0.05}
2026-04-22 12:05:00,886 | INFO | Cycle start
2026-04-22 12:05:01,219 | INFO | Regime: BEAR
2026-04-22 12:05:01,222 | INFO | Spot: 22500
2026-04-22 12:05:01,222 | INFO | MTM PnL: -25.15
2026-04-22 12:05:01,222 | INFO | PnL Summary: {'realized': 0, 'unrealized': -25.15, 'total': -25.15, 'open_positions': 1}
2026-04-22 12:05:01,224 | INFO | Greeks: {'delta': -0.05, 'gamma': 0.0001, 'theta': -0.01, 'vega': 0.05}
2026-04-22 12:05:31,224 | INFO | Cycle start
2026-04-22 12:05:31,240 | INFO | Regime: BEAR
2026-04-22 12:05:31,247 | INFO | Spot: 22500
2026-04-22 12:05:31,251 | INFO | MTM PnL: 20.15
2026-04-22 12:05:31,251 | INFO | PnL Summary: {'realized': 0, 'unrealized': 20.15, 'total': 20.15, 'open_positions': 1}
2026-04-22 12:05:31,251 | INFO | Greeks: {'delta': -0.05, 'gamma': 0.0001, 'theta': -0.01, 'vega': 0.05}
2026-04-22 12:06:01,256 | INFO | Cycle start
2026-04-22 12:06:01,532 | INFO | Regime: BEAR
2026-04-22 12:06:01,532 | INFO | Spot: 22500
2026-04-22 12:06:01,532 | INFO | MTM PnL: -92.73
2026-04-22 12:06:01,534 | INFO | PnL Summary: {'realized': 0, 'unrealized': -92.73, 'total': -92.73, 'open_positions': 1}
2026-04-22 12:06:01,534 | INFO | Greeks: {'delta': -0.05, 'gamma': 0.0001, 'theta': -0.01, 'vega': 0.05}
2026-04-22 12:06:05,785 | INFO | Bot stopped
2026-04-22 12:07:38,147 | INFO | Bot started
2026-04-22 12:07:45,950 | INFO | Cycle start
2026-04-22 12:07:47,677 | INFO | Regime: BEAR
2026-04-22 12:07:49,409 | ERROR | Error in cycle
2026-04-22 12:08:19,489 | INFO | Cycle start
2026-04-22 12:08:19,514 | INFO | Regime: BEAR
2026-04-22 12:08:21,209 | ERROR | Error in cycle
2026-04-22 12:08:26,971 | INFO | Bot stopped
2026-04-22 12:14:12,551 | INFO | Bot started
2026-04-22 12:14:39,490 | INFO | Cycle start
2026-04-22 12:14:42,247 | INFO | Regime: BULL
2026-04-22 12:14:43,949 | ERROR | Error in cycle
2026-04-22 12:15:13,988 | INFO | Cycle start
2026-04-22 12:15:14,008 | INFO | Regime: BULL
2026-04-22 12:15:15,641 | ERROR | Error in cycle
2026-04-22 12:15:21,353 | INFO | Bot stopped
2026-04-22 13:37:14,856 | INFO | Bot started
2026-04-22 13:40:11,136 | INFO | Bot started
2026-04-22 13:51:03,298 | INFO | Bot started
2026-04-22 13:51:03,487 | INFO | Cycle start
2026-04-22 13:51:04,332 | INFO | Regime: BULL
2026-04-22 13:51:04,332 | INFO | No option chain
2026-04-22 13:51:34,335 | INFO | Cycle start
2026-04-22 13:51:34,341 | INFO | Regime: BULL
2026-04-22 13:51:34,341 | INFO | No option chain
2026-04-22 13:52:04,360 | INFO | Cycle start
2026-04-22 13:52:04,614 | INFO | Regime: BULL
2026-04-22 13:52:04,614 | INFO | No option chain
2026-04-22 13:52:29,251 | INFO | Bot started
2026-04-22 13:52:29,281 | INFO | Cycle start
2026-04-22 13:52:30,508 | INFO | Regime: BULL
2026-04-22 13:52:30,510 | INFO | No option chain
2026-04-22 13:52:34,619 | INFO | Cycle start
2026-04-22 13:52:34,972 | INFO | Regime: BULL
2026-04-22 13:52:35,072 | INFO | No option chain
2026-04-22 13:53:00,512 | INFO | Cycle start
2026-04-22 13:53:00,521 | INFO | Regime: BULL
2026-04-22 13:53:00,522 | INFO | No option chain
2026-04-22 13:53:05,075 | INFO | Cycle start
2026-04-22 13:53:05,400 | INFO | Regime: BULL
2026-04-22 13:53:05,400 | INFO | No option chain
2026-04-22 13:53:30,526 | INFO | Cycle start
2026-04-22 13:53:30,729 | INFO | Regime: BULL
2026-04-22 13:53:30,729 | INFO | No option chain
2026-04-22 13:53:34,515 | INFO | Bot stopped
2026-04-22 13:53:35,415 | INFO | Cycle start
2026-04-22 13:53:35,426 | INFO | Regime: BULL
2026-04-22 13:53:35,426 | INFO | No option chain
2026-04-22 13:54:05,446 | INFO | Cycle start
2026-04-22 13:54:05,643 | INFO | Regime: BULL
2026-04-22 13:54:05,643 | INFO | No option chain
2026-04-22 13:54:17,559 | INFO | Bot started
2026-04-22 13:54:17,573 | INFO | Cycle start
2026-04-22 13:54:18,222 | INFO | Regime: BULL
2026-04-22 13:54:18,225 | INFO | No option chain
2026-04-22 13:54:35,655 | INFO | Cycle start
2026-04-22 13:54:35,660 | INFO | Regime: BULL
2026-04-22 13:54:35,660 | INFO | No option chain
2026-04-22 13:54:48,240 | INFO | Cycle start
2026-04-22 13:54:48,245 | INFO | Regime: BULL
2026-04-22 13:54:48,245 | INFO | No option chain
2026-04-22 13:55:05,663 | INFO | Cycle start
2026-04-22 13:55:06,476 | INFO | Regime: BULL
2026-04-22 13:55:06,503 | INFO | No option chain
2026-04-22 13:55:18,253 | INFO | Cycle start
2026-04-22 13:55:20,189 | INFO | Regime: BULL
2026-04-22 13:55:20,189 | INFO | No option chain
2026-04-22 13:55:25,397 | INFO | Bot stopped
2026-04-22 13:55:36,612 | INFO | Cycle start
2026-04-22 13:55:36,968 | INFO | Regime: BULL
2026-04-22 13:55:37,004 | INFO | No option chain
2026-04-22 13:56:07,078 | INFO | Cycle start
2026-04-22 13:56:07,286 | INFO | Regime: BULL
2026-04-22 13:56:07,286 | INFO | No option chain
2026-04-22 13:56:37,303 | INFO | Cycle start
2026-04-22 13:56:37,311 | INFO | Regime: BULL
2026-04-22 13:56:37,311 | INFO | No option chain
2026-04-22 13:57:07,312 | INFO | Cycle start
2026-04-22 13:57:07,590 | INFO | Regime: BULL
2026-04-22 13:57:07,593 | INFO | No option chain
2026-04-22 13:57:37,593 | INFO | Cycle start
2026-04-22 13:57:37,605 | INFO | Regime: BULL
2026-04-22 13:57:37,606 | INFO | No option chain
2026-04-22 13:58:07,612 | INFO | Cycle start
2026-04-22 13:58:07,857 | INFO | Regime: BULL
2026-04-22 13:58:07,857 | INFO | No option chain
2026-04-22 13:58:37,871 | INFO | Cycle start
2026-04-22 13:58:37,872 | INFO | Regime: BULL
2026-04-22 13:58:37,872 | INFO | No option chain
2026-04-22 13:59:07,898 | INFO | Cycle start
2026-04-22 13:59:08,212 | INFO | Regime: BULL
2026-04-22 13:59:08,213 | INFO | No option chain
2026-04-22 13:59:38,221 | INFO | Cycle start
2026-04-22 13:59:38,262 | INFO | Regime: BULL
2026-04-22 13:59:38,282 | INFO | No option chain
2026-04-22 14:00:08,296 | INFO | Cycle start
2026-04-22 14:00:08,533 | INFO | Regime: BULL
2026-04-22 14:00:08,536 | INFO | No option chain
2026-04-22 14:00:38,536 | INFO | Cycle start
2026-04-22 14:00:38,566 | INFO | Regime: BULL
2026-04-22 14:00:38,568 | INFO | No option chain
2026-04-22 14:00:58,037 | INFO | Bot started
2026-04-22 14:00:58,212 | INFO | Cycle start
2026-04-22 14:01:08,585 | INFO | Cycle start
2026-04-22 14:01:08,807 | INFO | Regime: BULL
2026-04-22 14:01:08,807 | INFO | No option chain
2026-04-22 14:01:14,601 | INFO | Regime: BULL
2026-04-22 14:01:15,056 | INFO | No option chain
2026-04-22 14:01:38,811 | INFO | Cycle start
2026-04-22 14:01:38,825 | INFO | Regime: BULL
2026-04-22 14:01:38,825 | INFO | No option chain
2026-04-22 14:01:45,062 | INFO | Cycle start
2026-04-22 14:01:45,064 | INFO | Regime: BULL
2026-04-22 14:01:45,134 | INFO | No option chain
2026-04-22 14:02:08,833 | INFO | Cycle start
2026-04-22 14:02:09,421 | INFO | Regime: BULL
2026-04-22 14:02:09,421 | INFO | No option chain
2026-04-22 14:02:15,136 | INFO | Cycle start
2026-04-22 14:02:16,044 | INFO | Regime: BULL
2026-04-22 14:02:16,112 | INFO | No option chain
2026-04-22 14:02:39,423 | INFO | Cycle start
2026-04-22 14:02:39,434 | INFO | Regime: BULL
2026-04-22 14:02:39,435 | INFO | No option chain
2026-04-22 14:02:46,115 | INFO | Cycle start
2026-04-22 14:02:46,124 | INFO | Regime: BULL
2026-04-22 14:02:46,225 | INFO | No option chain
2026-04-22 14:02:48,419 | INFO | Bot stopped
2026-04-22 14:03:09,447 | INFO | Cycle start
2026-04-22 14:03:09,673 | INFO | Regime: BULL
2026-04-22 14:03:09,675 | INFO | No option chain
2026-04-22 14:03:39,675 | INFO | Cycle start
2026-04-22 14:03:39,685 | INFO | Regime: BULL
2026-04-22 14:03:39,685 | INFO | No option chain
2026-04-22 14:04:09,701 | INFO | Cycle start
2026-04-22 14:04:10,418 | INFO | Regime: BULL
2026-04-22 14:04:10,418 | INFO | No option chain
2026-04-22 14:04:40,426 | INFO | Cycle start
2026-04-22 14:04:40,433 | INFO | Regime: BULL
2026-04-22 14:04:40,435 | INFO | No option chain
2026-04-22 14:05:10,450 | INFO | Cycle start
2026-04-22 14:05:10,798 | INFO | Regime: BULL
2026-04-22 14:05:10,798 | INFO | No option chain
2026-04-22 14:05:40,809 | INFO | Cycle start
2026-04-22 14:05:40,813 | INFO | Regime: BULL
2026-04-22 14:05:40,813 | INFO | No option chain
2026-04-22 14:06:10,833 | INFO | Cycle start
2026-04-22 14:06:11,050 | INFO | Regime: BULL
2026-04-22 14:06:11,051 | INFO | No option chain
2026-04-22 14:06:31,754 | INFO | Bot started
2026-04-22 14:06:31,770 | INFO | Cycle start
2026-04-22 14:06:32,441 | INFO | Regime: BULL
2026-04-22 14:06:32,879 | INFO | No option chain
2026-04-22 14:06:41,058 | INFO | Cycle start
2026-04-22 14:06:41,065 | INFO | Regime: BULL
2026-04-22 14:06:41,070 | INFO | No option chain
2026-04-22 14:06:45,981 | INFO | Bot stopped
2026-04-22 14:07:11,073 | INFO | Cycle start
2026-04-22 14:07:11,257 | INFO | Regime: BULL
2026-04-22 14:07:11,257 | INFO | No option chain
2026-04-22 14:07:12,507 | INFO | Bot started
2026-04-22 14:07:12,525 | INFO | Cycle start
2026-04-22 14:07:14,605 | INFO | Regime: BULL
2026-04-22 14:07:14,993 | INFO | No option chain
2026-04-22 14:07:41,260 | INFO | Cycle start
2026-04-22 14:07:41,269 | INFO | Regime: BULL
2026-04-22 14:07:41,269 | INFO | No option chain
2026-04-22 14:07:45,005 | INFO | Cycle start
2026-04-22 14:07:45,014 | INFO | Regime: BULL
2026-04-22 14:07:45,112 | INFO | No option chain
2026-04-22 14:07:52,391 | INFO | Bot stopped
2026-04-22 14:08:06,087 | INFO | Bot started
2026-04-22 14:08:06,098 | INFO | Cycle start
2026-04-22 14:08:08,495 | INFO | Regime: BULL
2026-04-22 14:08:08,870 | INFO | No option chain
2026-04-22 14:08:11,281 | INFO | Cycle start
2026-04-22 14:08:13,266 | INFO | Regime: BULL
2026-04-22 14:08:13,266 | INFO | No option chain
2026-04-22 14:08:14,326 | INFO | Bot stopped
2026-04-22 14:08:43,273 | INFO | Cycle start
2026-04-22 14:08:43,282 | INFO | Regime: BULL
2026-04-22 14:08:43,285 | INFO | No option chain
2026-04-22 14:09:02,110 | INFO | Bot started
2026-04-22 14:09:02,123 | INFO | Cycle start
2026-04-22 14:09:03,760 | INFO | Regime: BULL
2026-04-22 14:09:04,498 | INFO | Spot: None
2026-04-22 14:09:04,498 | INFO | MTM PnL: 0
2026-04-22 14:09:04,498 | INFO | PnL Summary: {'realized': 0, 'unrealized': 0, 'total': 0, 'open_positions': 0}
2026-04-22 14:09:04,498 | ERROR | Error in cycle
2026-04-22 14:09:13,296 | INFO | Cycle start
2026-04-22 14:09:13,598 | INFO | Regime: BULL
2026-04-22 14:09:13,598 | INFO | No option chain
2026-04-22 14:09:34,518 | INFO | Cycle start
2026-04-22 14:09:34,527 | INFO | Regime: BULL
2026-04-22 14:09:35,104 | INFO | Spot: None
2026-04-22 14:09:35,105 | INFO | MTM PnL: 0
2026-04-22 14:09:35,105 | INFO | PnL Summary: {'realized': 0, 'unrealized': 0, 'total': 0, 'open_positions': 0}
2026-04-22 14:09:35,105 | ERROR | Error in cycle
2026-04-22 14:09:43,611 | INFO | Cycle start
2026-04-22 14:09:43,614 | INFO | Regime: BULL
2026-04-22 14:09:43,614 | INFO | No option chain
2026-04-22 14:10:05,106 | INFO | Cycle start
2026-04-22 14:10:06,608 | INFO | Regime: BULL
2026-04-22 14:10:06,887 | INFO | Spot: None
2026-04-22 14:10:06,887 | INFO | MTM PnL: 0
2026-04-22 14:10:06,890 | INFO | PnL Summary: {'realized': 0, 'unrealized': 0, 'total': 0, 'open_positions': 0}
2026-04-22 14:10:06,890 | ERROR | Error in cycle
2026-04-22 14:10:08,399 | INFO | Bot stopped
2026-04-22 14:10:13,632 | INFO | Cycle start
2026-04-22 14:10:13,723 | INFO | Regime: BULL
2026-04-22 14:10:13,723 | INFO | No option chain
2026-04-22 14:10:21,726 | INFO | Bot started
2026-04-22 14:10:21,743 | INFO | Cycle start
2026-04-22 14:10:23,123 | INFO | Regime: BULL
2026-04-22 14:10:23,730 | INFO | Spot: None
2026-04-22 14:10:23,730 | INFO | MTM PnL: 0
2026-04-22 14:10:23,730 | INFO | PnL Summary: {'realized': 0, 'unrealized': 0, 'total': 0, 'open_positions': 0}
2026-04-22 14:10:23,732 | ERROR | Error in cycle
2026-04-22 14:10:38,259 | INFO | Bot stopped
2026-04-22 14:10:43,738 | INFO | Cycle start
2026-04-22 14:10:43,746 | INFO | Regime: BULL
2026-04-22 14:10:43,746 | INFO | No option chain
2026-04-22 14:11:13,762 | INFO | Cycle start
2026-04-22 14:11:14,546 | INFO | Regime: BULL
2026-04-22 14:11:14,547 | INFO | No option chain
2026-04-22 14:11:26,059 | INFO | Bot started
2026-04-22 14:11:26,080 | INFO | Cycle start
2026-04-22 14:11:28,006 | INFO | Regime: BULL
2026-04-22 14:11:28,775 | INFO | Spot: None
2026-04-22 14:11:28,775 | INFO | MTM PnL: 0
2026-04-22 14:11:28,775 | INFO | PnL Summary: {'realized': 0, 'unrealized': 0, 'total': 0, 'open_positions': 0}
2026-04-22 14:11:28,775 | ERROR | Error in cycle
2026-04-22 14:11:33,381 | INFO | Bot stopped
2026-04-22 14:11:44,559 | INFO | Cycle start
2026-04-22 14:11:44,570 | INFO | Regime: BULL
2026-04-22 14:11:44,570 | INFO | No option chain
2026-04-22 14:12:14,585 | INFO | Cycle start
2026-04-22 14:12:14,836 | INFO | Regime: BULL
2026-04-22 14:12:14,836 | INFO | No option chain
2026-04-22 14:12:44,853 | INFO | Cycle start
2026-04-22 14:12:44,861 | INFO | Regime: BULL
2026-04-22 14:12:44,861 | INFO | No option chain
2026-04-22 14:13:14,866 | INFO | Cycle start
2026-04-22 14:13:15,079 | INFO | Regime: BULL
2026-04-22 14:13:15,079 | INFO | No option chain
2026-04-22 14:13:45,087 | INFO | Cycle start
2026-04-22 14:13:45,099 | INFO | Regime: BULL
2026-04-22 14:13:45,100 | INFO | No option chain
2026-04-22 14:14:15,114 | INFO | Cycle start
2026-04-22 14:14:15,678 | INFO | Regime: BULL
2026-04-22 14:14:15,684 | INFO | No option chain
2026-04-22 14:14:25,098 | INFO | Bot started
2026-04-22 14:14:25,355 | INFO | Cycle start
2026-04-22 14:14:37,192 | INFO | Regime: BULL
2026-04-22 14:14:37,930 | INFO | Spot: None
2026-04-22 14:14:37,930 | INFO | MTM PnL: 0
2026-04-22 14:14:37,930 | INFO | PnL Summary: {'realized': 0, 'unrealized': 0, 'total': 0, 'open_positions': 0}
2026-04-22 14:14:37,930 | ERROR | Error in cycle
2026-04-22 14:14:45,693 | INFO | Cycle start
2026-04-22 14:14:45,719 | INFO | Regime: BULL
2026-04-22 14:14:45,721 | INFO | No option chain
2026-04-22 14:15:07,985 | INFO | Cycle start
2026-04-22 14:15:07,997 | INFO | Regime: BULL
2026-04-22 14:15:08,681 | INFO | Spot: None
2026-04-22 14:15:08,683 | INFO | MTM PnL: 0
2026-04-22 14:15:08,683 | INFO | PnL Summary: {'realized': 0, 'unrealized': 0, 'total': 0, 'open_positions': 0}
2026-04-22 14:15:08,684 | ERROR | Error in cycle
2026-04-22 14:15:15,738 | INFO | Cycle start
2026-04-22 14:15:16,121 | INFO | Regime: BULL
2026-04-22 14:15:16,121 | INFO | No option chain
2026-04-22 14:15:38,691 | INFO | Cycle start
2026-04-22 14:15:39,115 | INFO | Regime: BULL
2026-04-22 14:15:39,466 | INFO | Spot: None
2026-04-22 14:15:39,466 | INFO | MTM PnL: 0
2026-04-22 14:15:39,466 | INFO | PnL Summary: {'realized': 0, 'unrealized': 0, 'total': 0, 'open_positions': 0}
2026-04-22 14:15:39,466 | ERROR | Error in cycle
2026-04-22 14:15:46,136 | INFO | Cycle start
2026-04-22 14:15:46,141 | INFO | Regime: BULL
2026-04-22 14:15:46,146 | INFO | No option chain
2026-04-22 14:16:09,483 | INFO | Cycle start
2026-04-22 14:16:09,492 | INFO | Regime: BULL
2026-04-22 14:16:09,827 | INFO | Spot: None
2026-04-22 14:16:09,827 | INFO | MTM PnL: 0
2026-04-22 14:16:09,827 | INFO | PnL Summary: {'realized': 0, 'unrealized': 0, 'total': 0, 'open_positions': 0}
2026-04-22 14:16:09,827 | ERROR | Error in cycle
2026-04-22 14:16:14,981 | INFO | Bot started
2026-04-22 14:16:15,016 | INFO | Cycle start
2026-04-22 14:16:16,152 | INFO | Cycle start
2026-04-22 14:16:16,584 | INFO | Regime: BULL
2026-04-22 14:16:16,584 | INFO | No option chain
2026-04-22 14:16:19,527 | INFO | Regime: BULL
2026-04-22 14:16:20,468 | INFO | Spot: None
2026-04-22 14:16:20,469 | INFO | MTM PnL: 0
2026-04-22 14:16:20,469 | INFO | PnL Summary: {'realized': 0, 'unrealized': 0, 'total': 0, 'open_positions': 0}
2026-04-22 14:16:20,470 | ERROR | Error in cycle
2026-04-22 14:16:29,607 | INFO | Bot stopped
2026-04-22 14:16:39,833 | INFO | Cycle start
2026-04-22 14:16:40,367 | INFO | Regime: BULL
2026-04-22 14:16:40,833 | INFO | Spot: None
2026-04-22 14:16:40,833 | INFO | MTM PnL: 0
2026-04-22 14:16:40,833 | INFO | PnL Summary: {'realized': 0, 'unrealized': 0, 'total': 0, 'open_positions': 0}
2026-04-22 14:16:40,837 | ERROR | Error in cycle
2026-04-22 14:16:46,596 | INFO | Cycle start
2026-04-22 14:16:46,603 | INFO | Regime: BULL
2026-04-22 14:16:46,603 | INFO | No option chain
2026-04-22 14:17:10,841 | INFO | Cycle start
2026-04-22 14:17:10,841 | INFO | Regime: BULL
2026-04-22 14:17:11,212 | INFO | Spot: None
2026-04-22 14:17:11,212 | INFO | MTM PnL: 0
2026-04-22 14:17:11,212 | INFO | PnL Summary: {'realized': 0, 'unrealized': 0, 'total': 0, 'open_positions': 0}
2026-04-22 14:17:11,212 | ERROR | Error in cycle
2026-04-22 14:17:16,618 | INFO | Cycle start
2026-04-22 14:17:16,998 | INFO | Regime: BULL
2026-04-22 14:17:16,998 | INFO | No option chain
2026-04-22 14:17:41,215 | INFO | Cycle start
2026-04-22 14:17:41,467 | INFO | Regime: BULL
2026-04-22 14:17:41,892 | INFO | Spot: None
2026-04-22 14:17:41,892 | INFO | MTM PnL: 0
2026-04-22 14:17:41,892 | INFO | PnL Summary: {'realized': 0, 'unrealized': 0, 'total': 0, 'open_positions': 0}
2026-04-22 14:17:41,892 | ERROR | Error in cycle
2026-04-22 14:17:47,010 | INFO | Cycle start
2026-04-22 14:17:47,014 | INFO | Regime: BULL
2026-04-22 14:17:47,017 | INFO | No option chain
2026-04-22 14:18:11,906 | INFO | Cycle start
2026-04-22 14:18:11,919 | INFO | Regime: BULL
2026-04-22 14:18:12,284 | INFO | Spot: None
2026-04-22 14:18:12,284 | INFO | MTM PnL: 0
2026-04-22 14:18:12,284 | INFO | PnL Summary: {'realized': 0, 'unrealized': 0, 'total': 0, 'open_positions': 0}
2026-04-22 14:18:12,284 | ERROR | Error in cycle
2026-04-22 14:18:17,018 | INFO | Cycle start
2026-04-22 14:18:17,254 | INFO | Regime: BULL
2026-04-22 14:18:17,254 | INFO | No option chain
2026-04-22 14:18:42,299 | INFO | Cycle start
2026-04-22 14:18:42,600 | INFO | Regime: BULL
2026-04-22 14:18:43,000 | INFO | Spot: None
2026-04-22 14:18:43,001 | INFO | MTM PnL: 0
2026-04-22 14:18:43,001 | INFO | PnL Summary: {'realized': 0, 'unrealized': 0, 'total': 0, 'open_positions': 0}
2026-04-22 14:18:43,001 | ERROR | Error in cycle
2026-04-22 14:18:47,259 | INFO | Cycle start
2026-04-22 14:18:47,270 | INFO | Regime: BULL
2026-04-22 14:18:47,271 | INFO | No option chain
2026-04-22 14:18:51,663 | INFO | Bot started
2026-04-22 14:18:51,689 | INFO | Cycle start
2026-04-22 14:18:52,356 | INFO | Regime: BULL
2026-04-22 14:18:53,024 | INFO | Spot: None
2026-04-22 14:18:53,025 | INFO | MTM PnL: 0
2026-04-22 14:18:53,025 | INFO | PnL Summary: {'realized': 0, 'unrealized': 0, 'total': 0, 'open_positions': 0}
2026-04-22 14:18:53,026 | ERROR | Error in cycle
2026-04-22 14:18:57,008 | INFO | Bot started
2026-04-22 14:18:57,044 | INFO | Cycle start
2026-04-22 14:18:58,223 | INFO | Regime: BULL
2026-04-22 14:18:58,965 | INFO | Spot: None
2026-04-22 14:18:58,965 | INFO | MTM PnL: 0
2026-04-22 14:18:58,965 | INFO | PnL Summary: {'realized': 0, 'unrealized': 0, 'total': 0, 'open_positions': 0}
2026-04-22 14:18:58,965 | ERROR | Error in cycle
2026-04-22 14:19:13,005 | INFO | Cycle start
2026-04-22 14:19:13,018 | INFO | Regime: BULL
2026-04-22 14:19:13,323 | INFO | Spot: None
2026-04-22 14:19:13,326 | INFO | MTM PnL: 0
2026-04-22 14:19:13,326 | INFO | PnL Summary: {'realized': 0, 'unrealized': 0, 'total': 0, 'open_positions': 0}
2026-04-22 14:19:13,326 | ERROR | Error in cycle
2026-04-22 14:19:17,279 | INFO | Cycle start
2026-04-22 14:19:17,695 | INFO | Regime: BULL
2026-04-22 14:19:17,695 | INFO | No option chain
2026-04-22 14:19:23,047 | INFO | Cycle start
2026-04-22 14:19:23,057 | INFO | Regime: BULL
2026-04-22 14:19:23,398 | INFO | Spot: None
2026-04-22 14:19:23,399 | INFO | MTM PnL: 0
2026-04-22 14:19:23,400 | INFO | PnL Summary: {'realized': 0, 'unrealized': 0, 'total': 0, 'open_positions': 0}
2026-04-22 14:19:23,400 | ERROR | Error in cycle
2026-04-22 14:19:28,976 | INFO | Cycle start
2026-04-22 14:19:28,991 | INFO | Regime: BULL
2026-04-22 14:19:29,311 | INFO | Spot: None
2026-04-22 14:19:29,311 | INFO | MTM PnL: 0
2026-04-22 14:19:29,311 | INFO | PnL Summary: {'realized': 0, 'unrealized': 0, 'total': 0, 'open_positions': 0}
2026-04-22 14:19:29,323 | ERROR | Error in cycle
2026-04-22 14:19:43,331 | INFO | Cycle start
2026-04-22 14:19:43,688 | INFO | Regime: BULL
2026-04-22 14:19:44,031 | INFO | Spot: None
2026-04-22 14:19:44,031 | INFO | MTM PnL: 0
2026-04-22 14:19:44,031 | INFO | PnL Summary: {'realized': 0, 'unrealized': 0, 'total': 0, 'open_positions': 0}
2026-04-22 14:19:44,031 | ERROR | Error in cycle
2026-04-22 14:19:47,697 | INFO | Cycle start
2026-04-22 14:19:47,704 | INFO | Regime: BULL
2026-04-22 14:19:47,704 | INFO | No option chain
2026-04-22 14:19:53,408 | INFO | Cycle start
2026-04-22 14:19:53,526 | INFO | Regime: BULL
2026-04-22 14:19:53,951 | INFO | Spot: None
2026-04-22 14:19:53,951 | INFO | MTM PnL: 0
2026-04-22 14:19:53,951 | INFO | PnL Summary: {'realized': 0, 'unrealized': 0, 'total': 0, 'open_positions': 0}
2026-04-22 14:19:53,951 | ERROR | Error in cycle
2026-04-22 14:19:59,336 | INFO | Cycle start
2026-04-22 14:19:59,558 | INFO | Regime: BULL
2026-04-22 14:19:59,902 | INFO | Spot: None
2026-04-22 14:19:59,904 | INFO | MTM PnL: 0
2026-04-22 14:19:59,904 | INFO | PnL Summary: {'realized': 0, 'unrealized': 0, 'total': 0, 'open_positions': 0}
2026-04-22 14:19:59,904 | ERROR | Error in cycle
2026-04-22 14:20:07,564 | INFO | Bot started
2026-04-22 14:20:07,594 | INFO | Cycle start
2026-04-22 14:20:08,471 | INFO | Regime: BULL
2026-04-22 14:20:09,410 | INFO | Spot: None
2026-04-22 14:20:09,411 | INFO | MTM PnL: 0
2026-04-22 14:20:09,411 | INFO | PnL Summary: {'realized': 0, 'unrealized': 0, 'total': 0, 'open_positions': 0}
2026-04-22 14:20:09,411 | ERROR | Error in cycle
2026-04-22 14:20:14,039 | INFO | Cycle start
2026-04-22 14:20:14,053 | INFO | Regime: BULL
2026-04-22 14:20:14,376 | INFO | Spot: None
2026-04-22 14:20:14,388 | INFO | MTM PnL: 0
2026-04-22 14:20:14,390 | INFO | PnL Summary: {'realized': 0, 'unrealized': 0, 'total': 0, 'open_positions': 0}
2026-04-22 14:20:14,391 | ERROR | Error in cycle
2026-04-22 14:20:17,722 | INFO | Cycle start
2026-04-22 14:20:17,946 | INFO | Regime: BULL
2026-04-22 14:20:17,946 | INFO | No option chain
2026-04-22 14:20:23,966 | INFO | Cycle start
2026-04-22 14:20:23,967 | INFO | Regime: BULL
2026-04-22 14:20:24,332 | INFO | Spot: None
2026-04-22 14:20:24,332 | INFO | MTM PnL: 0
2026-04-22 14:20:24,335 | INFO | PnL Summary: {'realized': 0, 'unrealized': 0, 'total': 0, 'open_positions': 0}
2026-04-22 14:20:24,335 | ERROR | Error in cycle
2026-04-22 14:20:29,909 | INFO | Cycle start
2026-04-22 14:20:29,913 | INFO | Regime: BULL
2026-04-22 14:20:30,280 | INFO | Spot: None
2026-04-22 14:20:30,280 | INFO | MTM PnL: 0
2026-04-22 14:20:30,280 | INFO | PnL Summary: {'realized': 0, 'unrealized': 0, 'total': 0, 'open_positions': 0}
2026-04-22 14:20:30,280 | ERROR | Error in cycle
2026-04-22 14:20:39,418 | INFO | Cycle start
2026-04-22 14:20:39,422 | INFO | Regime: BULL
2026-04-22 14:20:39,888 | INFO | Spot: None
2026-04-22 14:20:39,888 | INFO | MTM PnL: 0
2026-04-22 14:20:39,888 | INFO | PnL Summary: {'realized': 0, 'unrealized': 0, 'total': 0, 'open_positions': 0}
2026-04-22 14:20:39,888 | ERROR | Error in cycle
2026-04-22 14:20:44,398 | INFO | Cycle start
2026-04-22 14:20:44,712 | INFO | Regime: BULL
2026-04-22 14:20:45,071 | INFO | Spot: None
2026-04-22 14:20:45,071 | INFO | MTM PnL: 0
2026-04-22 14:20:45,071 | INFO | PnL Summary: {'realized': 0, 'unrealized': 0, 'total': 0, 'open_positions': 0}
2026-04-22 14:20:45,071 | ERROR | Error in cycle
2026-04-22 14:20:47,962 | INFO | Cycle start
2026-04-22 14:20:47,970 | INFO | Regime: BULL
2026-04-22 14:20:47,970 | INFO | No option chain
2026-04-22 14:20:54,340 | INFO | Cycle start
2026-04-22 14:20:54,563 | INFO | Regime: BULL
2026-04-22 14:20:54,998 | INFO | Spot: None
2026-04-22 14:20:54,998 | INFO | MTM PnL: 0
2026-04-22 14:20:54,998 | INFO | PnL Summary: {'realized': 0, 'unrealized': 0, 'total': 0, 'open_positions': 0}
2026-04-22 14:20:54,998 | ERROR | Error in cycle
2026-04-22 14:21:00,288 | INFO | Cycle start
2026-04-22 14:21:00,495 | INFO | Regime: BULL
2026-04-22 14:21:01,203 | INFO | Spot: None
2026-04-22 14:21:01,203 | INFO | MTM PnL: 0
2026-04-22 14:21:01,203 | INFO | PnL Summary: {'realized': 0, 'unrealized': 0, 'total': 0, 'open_positions': 0}
2026-04-22 14:21:01,203 | ERROR | Error in cycle
2026-04-22 14:21:09,891 | INFO | Cycle start
2026-04-22 14:21:10,247 | INFO | Regime: BULL
2026-04-22 14:21:10,597 | INFO | Spot: None
2026-04-22 14:21:10,597 | INFO | MTM PnL: 0
2026-04-22 14:21:10,597 | INFO | PnL Summary: {'realized': 0, 'unrealized': 0, 'total': 0, 'open_positions': 0}
2026-04-22 14:21:10,597 | ERROR | Error in cycle
2026-04-22 14:21:15,093 | INFO | Cycle start
2026-04-22 14:21:15,105 | INFO | Regime: BULL
2026-04-22 14:21:15,492 | INFO | Spot: None
2026-04-22 14:21:15,492 | INFO | MTM PnL: 0
2026-04-22 14:21:15,492 | INFO | PnL Summary: {'realized': 0, 'unrealized': 0, 'total': 0, 'open_positions': 0}
2026-04-22 14:21:15,492 | ERROR | Error in cycle
2026-04-22 14:21:17,976 | INFO | Cycle start
2026-04-22 14:21:18,693 | INFO | Regime: BULL
2026-04-22 14:21:18,699 | INFO | No option chain
2026-04-22 14:21:25,014 | INFO | Cycle start
2026-04-22 14:21:25,023 | INFO | Regime: BULL
2026-04-22 14:21:25,349 | INFO | Spot: None
2026-04-22 14:21:25,350 | INFO | MTM PnL: 0
2026-04-22 14:21:25,350 | INFO | PnL Summary: {'realized': 0, 'unrealized': 0, 'total': 0, 'open_positions': 0}
2026-04-22 14:21:25,351 | ERROR | Error in cycle
2026-04-22 14:21:31,226 | INFO | Cycle start
2026-04-22 14:21:31,240 | INFO | Regime: BULL
2026-04-22 14:21:31,867 | INFO | Spot: None
2026-04-22 14:21:31,869 | INFO | MTM PnL: 0
2026-04-22 14:21:31,869 | INFO | PnL Summary: {'realized': 0, 'unrealized': 0, 'total': 0, 'open_positions': 0}
2026-04-22 14:21:31,869 | ERROR | Error in cycle
2026-04-22 14:21:40,624 | INFO | Cycle start
2026-04-22 14:21:40,624 | INFO | Regime: BULL
2026-04-22 14:21:40,988 | INFO | Spot: None
2026-04-22 14:21:40,988 | INFO | MTM PnL: 0
2026-04-22 14:21:40,988 | INFO | PnL Summary: {'realized': 0, 'unrealized': 0, 'total': 0, 'open_positions': 0}
2026-04-22 14:21:41,004 | ERROR | Error in cycle
2026-04-22 14:21:45,515 | INFO | Cycle start
2026-04-22 14:21:45,838 | INFO | Regime: BULL
2026-04-22 14:21:46,274 | INFO | Spot: None
2026-04-22 14:21:46,274 | INFO | MTM PnL: 0
2026-04-22 14:21:46,274 | INFO | PnL Summary: {'realized': 0, 'unrealized': 0, 'total': 0, 'open_positions': 0}
2026-04-22 14:21:46,274 | ERROR | Error in cycle
2026-04-22 14:21:48,709 | INFO | Cycle start
2026-04-22 14:21:48,721 | INFO | Regime: BULL
2026-04-22 14:21:48,722 | INFO | No option chain
2026-04-22 14:21:55,357 | INFO | Cycle start
2026-04-22 14:21:55,783 | INFO | Regime: BULL
2026-04-22 14:21:56,286 | INFO | Spot: None
2026-04-22 14:21:56,286 | INFO | MTM PnL: 0
2026-04-22 14:21:56,286 | INFO | PnL Summary: {'realized': 0, 'unrealized': 0, 'total': 0, 'open_positions': 0}
2026-04-22 14:21:56,296 | ERROR | Error in cycle
2026-04-22 14:22:01,883 | INFO | Cycle start
2026-04-22 14:22:02,315 | INFO | Regime: BULL
2026-04-22 14:22:02,801 | INFO | Spot: None
2026-04-22 14:22:02,802 | INFO | MTM PnL: 0
2026-04-22 14:22:02,803 | INFO | PnL Summary: {'realized': 0, 'unrealized': 0, 'total': 0, 'open_positions': 0}
2026-04-22 14:22:02,804 | ERROR | Error in cycle
2026-04-22 14:22:11,018 | INFO | Cycle start
2026-04-22 14:22:11,790 | INFO | Regime: BULL
2026-04-22 14:22:12,163 | INFO | Spot: None
2026-04-22 14:22:12,163 | INFO | MTM PnL: 0
2026-04-22 14:22:12,163 | INFO | PnL Summary: {'realized': 0, 'unrealized': 0, 'total': 0, 'open_positions': 0}
2026-04-22 14:22:12,165 | ERROR | Error in cycle
2026-04-22 14:22:16,287 | INFO | Cycle start
2026-04-22 14:22:16,297 | INFO | Regime: BULL
2026-04-22 14:22:16,636 | INFO | Spot: None
2026-04-22 14:22:16,638 | INFO | MTM PnL: 0
2026-04-22 14:22:16,640 | INFO | PnL Summary: {'realized': 0, 'unrealized': 0, 'total': 0, 'open_positions': 0}
2026-04-22 14:22:16,640 | ERROR | Error in cycle
2026-04-22 14:22:18,735 | INFO | Cycle start
2026-04-22 14:22:18,895 | INFO | Regime: BULL
2026-04-22 14:22:18,895 | INFO | No option chain
2026-04-22 14:22:26,313 | INFO | Cycle start
2026-04-22 14:22:26,323 | INFO | Regime: BULL
2026-04-22 14:22:26,667 | INFO | Spot: None
2026-04-22 14:22:26,667 | INFO | MTM PnL: 0
2026-04-22 14:22:26,668 | INFO | PnL Summary: {'realized': 0, 'unrealized': 0, 'total': 0, 'open_positions': 0}
2026-04-22 14:22:26,668 | ERROR | Error in cycle
2026-04-22 14:22:30,018 | INFO | Bot stopped
2026-04-22 14:22:32,819 | INFO | Cycle start
2026-04-22 14:22:32,827 | INFO | Regime: BULL
2026-04-22 14:22:33,187 | INFO | Spot: None
2026-04-22 14:22:33,187 | INFO | MTM PnL: 0
2026-04-22 14:22:33,187 | INFO | PnL Summary: {'realized': 0, 'unrealized': 0, 'total': 0, 'open_positions': 0}
2026-04-22 14:22:33,187 | ERROR | Error in cycle
2026-04-22 14:22:42,169 | INFO | Cycle start
2026-04-22 14:22:42,175 | INFO | Regime: BULL
2026-04-22 14:22:42,568 | INFO | Spot: None
2026-04-22 14:22:42,568 | INFO | MTM PnL: 0
2026-04-22 14:22:42,568 | INFO | PnL Summary: {'realized': 0, 'unrealized': 0, 'total': 0, 'open_positions': 0}
2026-04-22 14:22:42,568 | ERROR | Error in cycle
2026-04-22 14:22:46,654 | INFO | Cycle start
2026-04-22 14:22:47,024 | INFO | Regime: BULL
2026-04-22 14:22:47,344 | INFO | Spot: None
2026-04-22 14:22:47,344 | INFO | MTM PnL: 0
2026-04-22 14:22:47,344 | INFO | PnL Summary: {'realized': 0, 'unrealized': 0, 'total': 0, 'open_positions': 0}
2026-04-22 14:22:47,344 | ERROR | Error in cycle
2026-04-22 14:22:48,898 | INFO | Cycle start
2026-04-22 14:22:48,906 | INFO | Regime: BULL
2026-04-22 14:22:48,906 | INFO | No option chain
2026-04-22 14:22:50,181 | INFO | Bot started
2026-04-22 14:22:50,193 | INFO | Cycle start
2026-04-22 14:22:51,196 | INFO | Regime: BULL
2026-04-22 14:22:51,928 | INFO | Spot: None
2026-04-22 14:22:51,928 | INFO | MTM PnL: 0
2026-04-22 14:22:51,928 | INFO | PnL Summary: {'realized': 0, 'unrealized': 0, 'total': 0, 'open_positions': 0}
2026-04-22 14:22:51,933 | ERROR | Error in cycle
2026-04-22 14:22:57,096 | INFO | Bot stopped
2026-04-22 14:23:03,196 | INFO | Cycle start
2026-04-22 14:23:03,684 | INFO | Regime: BULL
2026-04-22 14:23:04,132 | INFO | Spot: None
2026-04-22 14:23:04,134 | INFO | MTM PnL: 0
2026-04-22 14:23:04,134 | INFO | PnL Summary: {'realized': 0, 'unrealized': 0, 'total': 0, 'open_positions': 0}
2026-04-22 14:23:04,135 | ERROR | Error in cycle
2026-04-22 14:23:12,571 | INFO | Cycle start
2026-04-22 14:23:13,467 | INFO | Regime: BULL
2026-04-22 14:23:13,894 | INFO | Spot: None
2026-04-22 14:23:13,895 | INFO | MTM PnL: 0
2026-04-22 14:23:13,896 | INFO | PnL Summary: {'realized': 0, 'unrealized': 0, 'total': 0, 'open_positions': 0}
2026-04-22 14:23:13,897 | ERROR | Error in cycle
2026-04-22 14:23:17,356 | INFO | Cycle start
2026-04-22 14:23:17,370 | INFO | Regime: BULL
2026-04-22 14:23:17,860 | INFO | Spot: None
2026-04-22 14:23:17,861 | INFO | MTM PnL: 0
2026-04-22 14:23:17,861 | INFO | PnL Summary: {'realized': 0, 'unrealized': 0, 'total': 0, 'open_positions': 0}
2026-04-22 14:23:17,862 | ERROR | Error in cycle
2026-04-22 14:23:18,917 | INFO | Cycle start
2026-04-22 14:23:19,042 | INFO | Regime: BULL
2026-04-22 14:23:19,043 | INFO | No option chain
2026-04-22 14:23:34,144 | INFO | Cycle start
2026-04-22 14:23:34,156 | INFO | Regime: BULL
2026-04-22 14:23:34,237 | INFO | No option chain
2026-04-22 14:23:43,914 | INFO | Cycle start
2026-04-22 14:23:43,918 | INFO | Regime: BULL
2026-04-22 14:23:43,994 | INFO | No option chain
2026-04-22 14:23:47,880 | INFO | Cycle start
2026-04-22 14:23:48,187 | INFO | Regime: BULL
2026-04-22 14:23:48,286 | INFO | No option chain
2026-04-22 14:23:49,045 | INFO | Cycle start
2026-04-22 14:23:49,054 | INFO | Regime: BULL
2026-04-22 14:23:49,055 | INFO | No option chain
2026-04-22 14:24:04,245 | INFO | Cycle start
2026-04-22 14:24:04,489 | INFO | Regime: BULL
2026-04-22 14:24:04,546 | INFO | No option chain
2026-04-22 14:24:05,183 | INFO | Bot started
2026-04-22 14:24:05,199 | INFO | Cycle start
2026-04-22 14:24:05,983 | INFO | Regime: BULL
2026-04-22 14:24:06,946 | INFO | Spot: None
2026-04-22 14:24:06,946 | INFO | MTM PnL: 0
2026-04-22 14:24:06,947 | INFO | PnL Summary: {'realized': 0, 'unrealized': 0, 'total': 0, 'open_positions': 0}
2026-04-22 14:24:06,947 | ERROR | Error in cycle
2026-04-22 14:24:13,998 | INFO | Cycle start
2026-04-22 14:24:14,103 | INFO | Regime: BULL
2026-04-22 14:24:14,161 | INFO | No option chain
2026-04-22 14:24:18,294 | INFO | Cycle start
2026-04-22 14:24:18,298 | INFO | Regime: BULL
2026-04-22 14:24:18,373 | INFO | No option chain
2026-04-22 14:24:19,055 | INFO | Cycle start
2026-04-22 14:24:19,448 | INFO | Regime: BULL
2026-04-22 14:24:19,449 | INFO | No option chain
2026-04-22 14:24:34,558 | INFO | Cycle start
2026-04-22 14:24:34,568 | INFO | Regime: BULL
2026-04-22 14:24:34,631 | INFO | No option chain
2026-04-22 14:24:36,957 | INFO | Cycle start
2026-04-22 14:24:36,968 | INFO | Regime: BULL
2026-04-22 14:24:37,461 | INFO | Spot: None
2026-04-22 14:24:37,462 | INFO | MTM PnL: 0
2026-04-22 14:24:37,462 | INFO | PnL Summary: {'realized': 0, 'unrealized': 0, 'total': 0, 'open_positions': 0}
2026-04-22 14:24:37,462 | ERROR | Error in cycle
2026-04-22 14:24:44,167 | INFO | Cycle start
2026-04-22 14:24:44,178 | INFO | Regime: BULL
2026-04-22 14:24:44,231 | INFO | No option chain
2026-04-22 14:24:48,381 | INFO | Cycle start
2026-04-22 14:24:48,654 | INFO | Regime: BULL
2026-04-22 14:24:48,724 | INFO | No option chain
2026-04-22 14:24:49,450 | INFO | Cycle start
2026-04-22 14:24:49,456 | INFO | Regime: BULL
2026-04-22 14:24:49,456 | INFO | No option chain
2026-04-22 14:25:04,633 | INFO | Cycle start
2026-04-22 14:25:05,020 | INFO | Regime: BULL
2026-04-22 14:25:05,095 | INFO | No option chain
2026-04-22 14:25:07,489 | INFO | Cycle start
2026-04-22 14:25:07,716 | INFO | Regime: BULL
2026-04-22 14:25:08,099 | INFO | Spot: None
2026-04-22 14:25:08,105 | INFO | MTM PnL: 0
2026-04-22 14:25:08,113 | INFO | PnL Summary: {'realized': 0, 'unrealized': 0, 'total': 0, 'open_positions': 0}
2026-04-22 14:25:08,116 | ERROR | Error in cycle
2026-04-22 14:25:14,232 | INFO | Cycle start
2026-04-22 14:25:14,582 | INFO | Regime: BULL
2026-04-22 14:25:14,674 | INFO | No option chain
2026-04-22 14:25:18,731 | INFO | Cycle start
2026-04-22 14:25:18,744 | INFO | Regime: BULL
2026-04-22 14:25:18,808 | INFO | No option chain
2026-04-22 14:25:19,459 | INFO | Cycle start
2026-04-22 14:25:19,693 | INFO | Regime: BULL
2026-04-22 14:25:19,694 | INFO | No option chain
2026-04-22 14:25:35,107 | INFO | Cycle start
2026-04-22 14:25:35,123 | INFO | Regime: BULL
2026-04-22 14:25:35,195 | INFO | No option chain
2026-04-22 14:25:38,137 | INFO | Cycle start
2026-04-22 14:25:38,138 | INFO | Regime: BULL
2026-04-22 14:25:38,459 | INFO | Spot: None
2026-04-22 14:25:38,459 | INFO | MTM PnL: 0
2026-04-22 14:25:38,460 | INFO | PnL Summary: {'realized': 0, 'unrealized': 0, 'total': 0, 'open_positions': 0}
2026-04-22 14:25:38,460 | ERROR | Error in cycle
2026-04-22 14:25:44,697 | INFO | Cycle start
2026-04-22 14:25:44,708 | INFO | Regime: BULL
2026-04-22 14:25:44,789 | INFO | No option chain
2026-04-22 14:25:48,811 | INFO | Cycle start
2026-04-22 14:25:49,142 | INFO | Regime: BULL
2026-04-22 14:25:49,218 | INFO | No option chain
2026-04-22 14:25:49,704 | INFO | Cycle start
2026-04-22 14:25:49,715 | INFO | Regime: BULL
2026-04-22 14:25:49,715 | INFO | No option chain
2026-04-22 14:25:49,895 | INFO | Bot stopped
2026-04-22 14:26:05,202 | INFO | Cycle start
2026-04-22 14:26:05,624 | INFO | Regime: BULL
2026-04-22 14:26:05,681 | INFO | No option chain
2026-04-22 14:26:14,792 | INFO | Cycle start
2026-04-22 14:26:15,162 | INFO | Regime: BULL
2026-04-22 14:26:15,216 | INFO | No option chain
2026-04-22 14:26:19,225 | INFO | Cycle start
2026-04-22 14:26:19,240 | INFO | Regime: BULL
2026-04-22 14:26:19,314 | INFO | No option chain
2026-04-22 14:26:19,722 | INFO | Cycle start
2026-04-22 14:26:19,980 | INFO | Regime: BULL
2026-04-22 14:26:19,980 | INFO | No option chain
2026-04-22 14:26:35,692 | INFO | Cycle start
2026-04-22 14:26:35,700 | INFO | Regime: BULL
2026-04-22 14:26:35,764 | INFO | No option chain
2026-04-22 14:26:39,425 | INFO | Bot started
2026-04-22 14:26:39,454 | INFO | Cycle start
2026-04-22 14:26:40,940 | INFO | Regime: BULL
2026-04-22 14:26:42,253 | INFO | Spot: None
2026-04-22 14:26:42,253 | INFO | MTM PnL: 0
2026-04-22 14:26:42,253 | INFO | PnL Summary: {'realized': 0, 'unrealized': 0, 'total': 0, 'open_positions': 0}
2026-04-22 14:26:42,255 | ERROR | Error in cycle
2026-04-22 14:26:45,230 | INFO | Cycle start
2026-04-22 14:26:45,254 | INFO | Regime: BULL
2026-04-22 14:26:45,320 | INFO | No option chain
2026-04-22 14:26:49,330 | INFO | Cycle start
2026-04-22 14:26:49,606 | INFO | Regime: BULL
2026-04-22 14:26:49,671 | INFO | No option chain
2026-04-22 14:26:49,984 | INFO | Cycle start
2026-04-22 14:26:50,005 | INFO | Regime: BULL
2026-04-22 14:26:50,005 | INFO | No option chain
2026-04-22 14:27:05,768 | INFO | Cycle start
2026-04-22 14:27:06,050 | INFO | Regime: BULL
2026-04-22 14:27:06,108 | INFO | No option chain
2026-04-22 14:27:12,263 | INFO | Cycle start
2026-04-22 14:27:12,287 | INFO | Regime: BULL
2026-04-22 14:27:12,807 | INFO | Spot: None
2026-04-22 14:27:12,807 | INFO | MTM PnL: 0
2026-04-22 14:27:12,811 | INFO | PnL Summary: {'realized': 0, 'unrealized': 0, 'total': 0, 'open_positions': 0}
2026-04-22 14:27:12,813 | ERROR | Error in cycle
2026-04-22 14:27:15,324 | INFO | Cycle start
2026-04-22 14:27:15,750 | INFO | Regime: BULL
2026-04-22 14:27:15,810 | INFO | No option chain
2026-04-22 14:27:19,674 | INFO | Cycle start
2026-04-22 14:27:19,682 | INFO | Regime: BULL
2026-04-22 14:27:19,746 | INFO | No option chain
2026-04-22 14:27:20,013 | INFO | Cycle start
2026-04-22 14:27:20,409 | INFO | Regime: BULL
2026-04-22 14:27:20,409 | INFO | No option chain
2026-04-22 14:27:36,113 | INFO | Cycle start
2026-04-22 14:27:36,129 | INFO | Regime: BULL
2026-04-22 14:27:36,187 | INFO | No option chain
2026-04-22 14:27:42,820 | INFO | Cycle start
2026-04-22 14:27:43,267 | INFO | Regime: BULL
2026-04-22 14:27:43,605 | INFO | Spot: None
2026-04-22 14:27:43,607 | INFO | MTM PnL: 0
2026-04-22 14:27:43,608 | INFO | PnL Summary: {'realized': 0, 'unrealized': 0, 'total': 0, 'open_positions': 0}
2026-04-22 14:27:43,608 | ERROR | Error in cycle
2026-04-22 14:27:45,821 | INFO | Cycle start
2026-04-22 14:27:45,834 | INFO | Regime: BULL
2026-04-22 14:27:45,894 | INFO | No option chain
2026-04-22 14:27:49,747 | INFO | Cycle start
2026-04-22 14:27:50,415 | INFO | Cycle start
2026-04-22 14:27:50,417 | INFO | Regime: BULL
2026-04-22 14:27:50,417 | INFO | No option chain
2026-04-22 14:27:50,507 | INFO | Regime: BULL
2026-04-22 14:27:50,570 | INFO | No option chain
2026-04-22 14:28:06,201 | INFO | Cycle start
2026-04-22 14:28:06,506 | INFO | Regime: BULL
2026-04-22 14:28:06,573 | INFO | No option chain
2026-04-22 14:28:13,613 | INFO | Cycle start
2026-04-22 14:28:13,616 | INFO | Regime: BULL
2026-04-22 14:28:13,941 | INFO | Spot: None
2026-04-22 14:28:13,946 | INFO | MTM PnL: 0
2026-04-22 14:28:13,948 | INFO | PnL Summary: {'realized': 0, 'unrealized': 0, 'total': 0, 'open_positions': 0}
2026-04-22 14:28:13,948 | ERROR | Error in cycle
2026-04-22 14:28:15,895 | INFO | Cycle start
2026-04-22 14:28:16,113 | INFO | Regime: BULL
2026-04-22 14:28:16,179 | INFO | No option chain
2026-04-22 14:28:20,423 | INFO | Cycle start
2026-04-22 14:28:20,507 | INFO | Regime: BULL
2026-04-22 14:28:20,507 | INFO | No option chain
2026-04-22 14:28:20,571 | INFO | Cycle start
2026-04-22 14:28:20,578 | INFO | Regime: BULL
2026-04-22 14:28:20,644 | INFO | No option chain
2026-04-22 14:28:24,479 | INFO | Bot started
2026-04-22 14:28:24,517 | INFO | Cycle start
2026-04-22 14:28:26,516 | INFO | Regime: BULL
2026-04-22 14:28:27,337 | INFO | Spot: None
2026-04-22 14:28:27,337 | INFO | MTM PnL: 0
2026-04-22 14:28:27,337 | INFO | PnL Summary: {'realized': 0, 'unrealized': 0, 'total': 0, 'open_positions': 0}
2026-04-22 14:28:27,339 | ERROR | Error in cycle
2026-04-22 14:28:36,578 | INFO | Cycle start
2026-04-22 14:28:36,579 | INFO | Regime: BULL
2026-04-22 14:28:36,665 | INFO | No option chain
2026-04-22 14:28:43,955 | INFO | Cycle start
2026-04-22 14:28:44,187 | INFO | Regime: BULL
2026-04-22 14:28:44,608 | INFO | Spot: None
2026-04-22 14:28:44,611 | INFO | MTM PnL: 0
2026-04-22 14:28:44,611 | INFO | PnL Summary: {'realized': 0, 'unrealized': 0, 'total': 0, 'open_positions': 0}
2026-04-22 14:28:44,611 | ERROR | Error in cycle
2026-04-22 14:28:46,183 | INFO | Cycle start
2026-04-22 14:28:46,193 | INFO | Regime: BULL
2026-04-22 14:28:46,259 | INFO | No option chain
2026-04-22 14:28:50,514 | INFO | Cycle start
2026-04-22 14:28:50,520 | INFO | Regime: BULL
2026-04-22 14:28:50,520 | INFO | No option chain
2026-04-22 14:28:50,648 | INFO | Cycle start
2026-04-22 14:28:50,866 | INFO | Regime: BULL
2026-04-22 14:28:50,927 | INFO | No option chain
2026-04-22 14:28:57,345 | INFO | Cycle start
2026-04-22 14:28:57,356 | INFO | Regime: BULL
2026-04-22 14:28:58,076 | INFO | Spot: None
2026-04-22 14:28:58,077 | INFO | MTM PnL: 0
2026-04-22 14:28:58,078 | INFO | PnL Summary: {'realized': 0, 'unrealized': 0, 'total': 0, 'open_positions': 0}
2026-04-22 14:28:58,078 | ERROR | Error in cycle
2026-04-22 14:29:06,673 | INFO | Cycle start
2026-04-22 14:29:06,887 | INFO | Regime: BULL
2026-04-22 14:29:06,948 | INFO | No option chain
2026-04-22 14:29:14,626 | INFO | Cycle start
2026-04-22 14:29:14,637 | INFO | Regime: BULL
2026-04-22 14:29:14,978 | INFO | Spot: None
2026-04-22 14:29:14,978 | INFO | MTM PnL: 0
2026-04-22 14:29:14,980 | INFO | PnL Summary: {'realized': 0, 'unrealized': 0, 'total': 0, 'open_positions': 0}
2026-04-22 14:29:14,980 | ERROR | Error in cycle
2026-04-22 14:29:16,269 | INFO | Cycle start
2026-04-22 14:29:16,589 | INFO | Regime: BULL
2026-04-22 14:29:16,658 | INFO | No option chain
2026-04-22 14:29:20,539 | INFO | Cycle start
2026-04-22 14:29:20,783 | INFO | Regime: BULL
2026-04-22 14:29:20,786 | INFO | No option chain
2026-04-22 14:29:20,941 | INFO | Cycle start
2026-04-22 14:29:20,942 | INFO | Regime: BULL
2026-04-22 14:29:21,020 | INFO | No option chain
2026-04-22 14:29:28,084 | INFO | Cycle start
2026-04-22 14:29:28,285 | INFO | Regime: BULL
2026-04-22 14:29:28,760 | INFO | Spot: None
2026-04-22 14:29:28,760 | INFO | MTM PnL: 0
2026-04-22 14:29:28,760 | INFO | PnL Summary: {'realized': 0, 'unrealized': 0, 'total': 0, 'open_positions': 0}
2026-04-22 14:29:28,760 | ERROR | Error in cycle
2026-04-22 14:29:36,959 | INFO | Cycle start
2026-04-22 14:29:36,968 | INFO | Regime: BULL
2026-04-22 14:29:37,036 | INFO | No option chain
2026-04-22 14:29:44,987 | INFO | Cycle start
2026-04-22 14:29:45,745 | INFO | Regime: BULL
2026-04-22 14:29:46,082 | INFO | Spot: None
2026-04-22 14:29:46,085 | INFO | MTM PnL: 0
2026-04-22 14:29:46,085 | INFO | PnL Summary: {'realized': 0, 'unrealized': 0, 'total': 0, 'open_positions': 0}
2026-04-22 14:29:46,086 | ERROR | Error in cycle
2026-04-22 14:29:46,667 | INFO | Cycle start
2026-04-22 14:29:46,672 | INFO | Regime: BULL
2026-04-22 14:29:46,732 | INFO | No option chain
2026-04-22 14:29:50,798 | INFO | Cycle start
2026-04-22 14:29:50,808 | INFO | Regime: BULL
2026-04-22 14:29:50,808 | INFO | No option chain
2026-04-22 14:29:51,032 | INFO | Cycle start
2026-04-22 14:29:52,035 | INFO | Regime: BULL
2026-04-22 14:29:52,104 | INFO | No option chain
2026-04-22 14:29:58,774 | INFO | Cycle start
2026-04-22 14:29:58,787 | INFO | Regime: BULL
2026-04-22 14:29:59,243 | INFO | Spot: None
2026-04-22 14:29:59,253 | INFO | MTM PnL: 0
2026-04-22 14:29:59,253 | INFO | PnL Summary: {'realized': 0, 'unrealized': 0, 'total': 0, 'open_positions': 0}
2026-04-22 14:29:59,253 | ERROR | Error in cycle
2026-04-22 14:30:07,040 | INFO | Cycle start
2026-04-22 14:30:07,968 | INFO | Regime: BULL
2026-04-22 14:30:08,031 | INFO | No option chain
2026-04-22 14:30:16,097 | INFO | Cycle start
2026-04-22 14:30:16,106 | INFO | Regime: BULL
2026-04-22 14:30:16,432 | INFO | Spot: None
2026-04-22 14:30:16,432 | INFO | MTM PnL: 0
2026-04-22 14:30:16,432 | INFO | PnL Summary: {'realized': 0, 'unrealized': 0, 'total': 0, 'open_positions': 0}
2026-04-22 14:30:16,432 | ERROR | Error in cycle
2026-04-22 14:30:16,744 | INFO | Cycle start
2026-04-22 14:30:17,502 | INFO | Regime: BULL
2026-04-22 14:30:17,577 | INFO | No option chain
2026-04-22 14:30:20,823 | INFO | Cycle start
2026-04-22 14:30:20,909 | INFO | Regime: BULL
2026-04-22 14:30:20,909 | INFO | No option chain
2026-04-22 14:30:22,107 | INFO | Cycle start
2026-04-22 14:30:22,120 | INFO | Regime: BULL
2026-04-22 14:30:22,177 | INFO | No option chain
2026-04-22 14:30:29,255 | INFO | Cycle start
2026-04-22 14:30:29,745 | INFO | Regime: BULL
2026-04-22 14:30:30,249 | INFO | Spot: None
2026-04-22 14:30:30,249 | INFO | MTM PnL: 0
2026-04-22 14:30:30,249 | INFO | PnL Summary: {'realized': 0, 'unrealized': 0, 'total': 0, 'open_positions': 0}
2026-04-22 14:30:30,249 | ERROR | Error in cycle
2026-04-22 14:30:38,032 | INFO | Cycle start
2026-04-22 14:30:38,041 | INFO | Regime: BULL
2026-04-22 14:30:38,102 | INFO | No option chain
2026-04-22 14:30:46,436 | INFO | Cycle start
2026-04-22 14:30:47,030 | INFO | Regime: BULL
2026-04-22 14:30:47,403 | INFO | Spot: None
2026-04-22 14:30:47,405 | INFO | MTM PnL: 0
2026-04-22 14:30:47,405 | INFO | PnL Summary: {'realized': 0, 'unrealized': 0, 'total': 0, 'open_positions': 0}
2026-04-22 14:30:47,406 | ERROR | Error in cycle
2026-04-22 14:30:47,585 | INFO | Cycle start
2026-04-22 14:30:47,588 | INFO | Regime: BULL
2026-04-22 14:30:47,677 | INFO | No option chain
2026-04-22 14:30:50,916 | INFO | Cycle start
2026-04-22 14:30:50,927 | INFO | Regime: BULL
2026-04-22 14:30:50,927 | INFO | No option chain
2026-04-22 14:30:52,186 | INFO | Cycle start
2026-04-22 14:30:52,460 | INFO | Regime: BULL
2026-04-22 14:30:52,531 | INFO | No option chain
2026-04-22 14:31:00,256 | INFO | Cycle start
2026-04-22 14:31:00,273 | INFO | Regime: BULL
2026-04-22 14:31:00,861 | INFO | Spot: None
2026-04-22 14:31:00,861 | INFO | MTM PnL: 0
2026-04-22 14:31:00,861 | INFO | PnL Summary: {'realized': 0, 'unrealized': 0, 'total': 0, 'open_positions': 0}
2026-04-22 14:31:00,861 | ERROR | Error in cycle
2026-04-22 14:31:08,107 | INFO | Cycle start
2026-04-22 14:31:08,959 | INFO | Regime: BULL
2026-04-22 14:31:09,023 | INFO | No option chain
2026-04-22 14:31:09,294 | INFO | Bot started
2026-04-22 14:31:09,473 | INFO | Cycle start
2026-04-22 14:31:17,416 | INFO | Cycle start
2026-04-22 14:31:17,427 | INFO | Regime: BULL
2026-04-22 14:31:17,678 | INFO | Cycle start
2026-04-22 14:31:17,789 | INFO | Spot: None
2026-04-22 14:31:17,789 | INFO | MTM PnL: 0
2026-04-22 14:31:17,789 | INFO | PnL Summary: {'realized': 0, 'unrealized': 0, 'total': 0, 'open_positions': 0}
2026-04-22 14:31:17,790 | ERROR | Error in cycle
2026-04-22 14:31:18,753 | INFO | Regime: BULL
2026-04-22 14:31:18,850 | INFO | No option chain
2026-04-22 14:31:20,940 | INFO | Cycle start
2026-04-22 14:31:21,765 | INFO | Regime: BULL
2026-04-22 14:31:21,766 | INFO | No option chain
2026-04-22 14:31:22,519 | INFO | Regime: BULL
2026-04-22 14:31:22,538 | INFO | Cycle start
2026-04-22 14:31:22,549 | INFO | Regime: BULL
2026-04-22 14:31:22,609 | INFO | No option chain
2026-04-22 14:31:30,864 | INFO | Cycle start
2026-04-22 14:31:30,992 | INFO | Regime: BULL
2026-04-22 14:31:31,483 | INFO | Spot: None
2026-04-22 14:31:31,485 | INFO | MTM PnL: 0
2026-04-22 14:31:31,485 | INFO | PnL Summary: {'realized': 0, 'unrealized': 0, 'total': 0, 'open_positions': 0}
2026-04-22 14:31:31,485 | ERROR | Error in cycle
2026-04-22 14:31:39,026 | INFO | Cycle start
2026-04-22 14:31:39,036 | INFO | Regime: BULL
2026-04-22 14:31:39,094 | INFO | No option chain
2026-04-22 14:31:47,795 | INFO | Cycle start
2026-04-22 14:31:47,996 | INFO | Regime: BULL
2026-04-22 14:31:48,337 | INFO | Spot: None
2026-04-22 14:31:48,337 | INFO | MTM PnL: 0
2026-04-22 14:31:48,337 | INFO | PnL Summary: {'realized': 0, 'unrealized': 0, 'total': 0, 'open_positions': 0}
2026-04-22 14:31:48,340 | ERROR | Error in cycle
2026-04-22 14:31:48,856 | INFO | Cycle start
2026-04-22 14:31:48,867 | INFO | Regime: BULL
2026-04-22 14:31:48,950 | INFO | No option chain
2026-04-22 14:31:51,783 | INFO | Cycle start
2026-04-22 14:31:51,795 | INFO | Regime: BULL
2026-04-22 14:31:51,796 | INFO | No option chain
2026-04-22 14:31:52,611 | INFO | Cycle start
2026-04-22 14:31:52,699 | INFO | Regime: BULL
2026-04-22 14:31:52,780 | INFO | No option chain
2026-04-22 14:32:01,424 | INFO | Bot started
2026-04-22 14:32:01,448 | INFO | Cycle start
2026-04-22 14:32:01,492 | INFO | Cycle start
2026-04-22 14:32:01,498 | INFO | Regime: BULL
2026-04-22 14:32:02,027 | INFO | Spot: None
2026-04-22 14:32:02,027 | INFO | MTM PnL: 0
2026-04-22 14:32:02,031 | INFO | PnL Summary: {'realized': 0, 'unrealized': 0, 'total': 0, 'open_positions': 0}
2026-04-22 14:32:02,031 | ERROR | Error in cycle
2026-04-22 14:32:05,185 | INFO | Regime: BULL
2026-04-22 14:32:09,099 | INFO | Cycle start
2026-04-22 14:32:09,199 | INFO | Regime: BULL
2026-04-22 14:32:09,269 | INFO | No option chain
2026-04-22 14:32:17,977 | INFO | Bot stopped
2026-04-22 14:32:18,348 | INFO | Cycle start
2026-04-22 14:32:18,355 | INFO | Regime: BULL
2026-04-22 14:32:18,725 | INFO | Spot: None
2026-04-22 14:32:18,727 | INFO | MTM PnL: 0
2026-04-22 14:32:18,727 | INFO | PnL Summary: {'realized': 0, 'unrealized': 0, 'total': 0, 'open_positions': 0}
2026-04-22 14:32:18,729 | ERROR | Error in cycle
2026-04-22 14:32:18,960 | INFO | Cycle start
2026-04-22 14:32:19,147 | INFO | Regime: BULL
2026-04-22 14:32:19,204 | INFO | No option chain
2026-04-22 14:32:21,804 | INFO | Cycle start
2026-04-22 14:32:22,783 | INFO | Cycle start
2026-04-22 14:32:22,795 | INFO | Regime: BULL
2026-04-22 14:32:22,862 | INFO | No option chain
2026-04-22 14:32:23,312 | INFO | Regime: BULL
2026-04-22 14:32:23,320 | INFO | No option chain
2026-04-22 14:32:32,045 | INFO | Cycle start
2026-04-22 14:32:36,140 | INFO | Regime: BULL
2026-04-22 14:32:36,589 | INFO | Spot: None
2026-04-22 14:32:36,589 | INFO | MTM PnL: 0
2026-04-22 14:32:36,589 | INFO | PnL Summary: {'realized': 0, 'unrealized': 0, 'total': 0, 'open_positions': 0}
2026-04-22 14:32:36,592 | ERROR | Error in cycle
2026-04-22 14:32:39,275 | INFO | Cycle start
2026-04-22 14:32:39,289 | INFO | Regime: BULL
2026-04-22 14:32:39,350 | INFO | No option chain
2026-04-22 14:32:48,733 | INFO | Cycle start
2026-04-22 14:32:49,135 | INFO | Regime: BULL
2026-04-22 14:32:49,216 | INFO | Cycle start
2026-04-22 14:32:49,226 | INFO | Regime: BULL
2026-04-22 14:32:49,305 | INFO | No option chain
2026-04-22 14:32:49,527 | INFO | Spot: None
2026-04-22 14:32:49,527 | INFO | MTM PnL: 0
2026-04-22 14:32:49,527 | INFO | PnL Summary: {'realized': 0, 'unrealized': 0, 'total': 0, 'open_positions': 0}
2026-04-22 14:32:49,528 | ERROR | Error in cycle
2026-04-22 14:32:52,871 | INFO | Cycle start
2026-04-22 14:32:53,060 | INFO | Regime: BULL
2026-04-22 14:32:53,131 | INFO | No option chain
2026-04-22 14:32:53,348 | INFO | Cycle start
2026-04-22 14:32:53,357 | INFO | Regime: BULL
2026-04-22 14:32:53,357 | INFO | No option chain
2026-04-22 14:33:06,605 | INFO | Cycle start
2026-04-22 14:33:06,659 | INFO | Regime: BULL
2026-04-22 14:33:07,212 | INFO | Spot: None
2026-04-22 14:33:07,212 | INFO | MTM PnL: 0
2026-04-22 14:33:07,212 | INFO | PnL Summary: {'realized': 0, 'unrealized': 0, 'total': 0, 'open_positions': 0}
2026-04-22 14:33:07,212 | ERROR | Error in cycle
2026-04-22 14:33:09,353 | INFO | Cycle start
2026-04-22 14:33:09,742 | INFO | Regime: BULL
2026-04-22 14:33:09,841 | INFO | No option chain
2026-04-22 14:33:19,310 | INFO | Cycle start
2026-04-22 14:33:19,544 | INFO | Cycle start
2026-04-22 14:33:19,565 | INFO | Regime: BULL
2026-04-22 14:33:19,685 | INFO | Regime: BULL
2026-04-22 14:33:19,772 | INFO | No option chain
2026-04-22 14:33:19,979 | INFO | Spot: None
2026-04-22 14:33:19,979 | INFO | MTM PnL: 0
2026-04-22 14:33:19,981 | INFO | PnL Summary: {'realized': 0, 'unrealized': 0, 'total': 0, 'open_positions': 0}
2026-04-22 14:33:19,981 | ERROR | Error in cycle
2026-04-22 14:33:23,134 | INFO | Cycle start
2026-04-22 14:33:23,153 | INFO | Regime: BULL
2026-04-22 14:33:23,222 | INFO | No option chain
2026-04-22 14:33:23,371 | INFO | Cycle start
2026-04-22 14:33:23,733 | INFO | Regime: BULL
2026-04-22 14:33:23,735 | INFO | No option chain
2026-04-22 14:33:37,228 | INFO | Cycle start
2026-04-22 14:33:37,914 | INFO | Regime: BULL
2026-04-22 14:33:38,437 | INFO | Spot: None
2026-04-22 14:33:38,442 | INFO | MTM PnL: 0
2026-04-22 14:33:38,442 | INFO | PnL Summary: {'realized': 0, 'unrealized': 0, 'total': 0, 'open_positions': 0}
2026-04-22 14:33:38,443 | ERROR | Error in cycle
2026-04-22 14:33:39,846 | INFO | Cycle start
2026-04-22 14:33:39,868 | INFO | Regime: BULL
2026-04-22 14:33:39,934 | INFO | No option chain
2026-04-22 14:33:49,785 | INFO | Cycle start
2026-04-22 14:33:49,808 | INFO | Regime: BULL
2026-04-22 14:33:49,882 | INFO | No option chain
2026-04-22 14:33:49,987 | INFO | Cycle start
2026-04-22 14:33:50,294 | INFO | Regime: BULL
2026-04-22 14:33:50,718 | INFO | Spot: None
2026-04-22 14:33:50,719 | INFO | MTM PnL: 0
2026-04-22 14:33:50,721 | INFO | PnL Summary: {'realized': 0, 'unrealized': 0, 'total': 0, 'open_positions': 0}
2026-04-22 14:33:50,721 | ERROR | Error in cycle
2026-04-22 14:33:53,234 | INFO | Cycle start
2026-04-22 14:33:53,441 | INFO | Regime: BULL
2026-04-22 14:33:53,506 | INFO | No option chain
2026-04-22 14:33:53,749 | INFO | Cycle start
2026-04-22 14:33:53,762 | INFO | Regime: BULL
2026-04-22 14:33:53,762 | INFO | No option chain
2026-04-22 14:34:08,452 | INFO | Cycle start
2026-04-22 14:34:08,459 | INFO | Regime: BULL
2026-04-22 14:34:08,937 | INFO | Spot: None
2026-04-22 14:34:08,937 | INFO | MTM PnL: 0
2026-04-22 14:34:08,937 | INFO | PnL Summary: {'realized': 0, 'unrealized': 0, 'total': 0, 'open_positions': 0}
2026-04-22 14:34:08,937 | ERROR | Error in cycle
2026-04-22 14:34:09,935 | INFO | Cycle start
2026-04-22 14:34:10,571 | INFO | Regime: BULL
2026-04-22 14:34:10,637 | INFO | No option chain
2026-04-22 14:34:19,892 | INFO | Cycle start
2026-04-22 14:34:20,107 | INFO | Regime: BULL
2026-04-22 14:34:20,168 | INFO | No option chain
2026-04-22 14:34:20,727 | INFO | Cycle start
2026-04-22 14:34:20,730 | INFO | Regime: BULL
2026-04-22 14:34:21,102 | INFO | Spot: None
2026-04-22 14:34:21,102 | INFO | MTM PnL: 0
2026-04-22 14:34:21,103 | INFO | PnL Summary: {'realized': 0, 'unrealized': 0, 'total': 0, 'open_positions': 0}
2026-04-22 14:34:21,103 | ERROR | Error in cycle
2026-04-22 14:34:23,509 | INFO | Cycle start
2026-04-22 14:34:23,516 | INFO | Regime: BULL
2026-04-22 14:34:23,579 | INFO | No option chain
2026-04-22 14:34:23,766 | INFO | Cycle start
2026-04-22 14:34:24,065 | INFO | Regime: BULL
2026-04-22 14:34:24,073 | INFO | No option chain
2026-04-22 14:34:38,954 | INFO | Cycle start
2026-04-22 14:34:39,251 | INFO | Regime: BULL
2026-04-22 14:34:39,739 | INFO | Spot: None
2026-04-22 14:34:39,739 | INFO | MTM PnL: 0
2026-04-22 14:34:39,739 | INFO | PnL Summary: {'realized': 0, 'unrealized': 0, 'total': 0, 'open_positions': 0}
2026-04-22 14:34:39,739 | ERROR | Error in cycle
2026-04-22 14:34:40,643 | INFO | Cycle start
2026-04-22 14:34:40,661 | INFO | Regime: BULL
2026-04-22 14:34:40,732 | INFO | No option chain
2026-04-22 14:34:50,170 | INFO | Cycle start
2026-04-22 14:34:50,179 | INFO | Regime: BULL
2026-04-22 14:34:50,232 | INFO | No option chain
2026-04-22 14:34:51,117 | INFO | Cycle start
2026-04-22 14:34:51,996 | INFO | Regime: BULL
2026-04-22 14:34:52,339 | INFO | Spot: None
2026-04-22 14:34:52,339 | INFO | MTM PnL: 0
2026-04-22 14:34:52,339 | INFO | PnL Summary: {'realized': 0, 'unrealized': 0, 'total': 0, 'open_positions': 0}
2026-04-22 14:34:52,345 | ERROR | Error in cycle
2026-04-22 14:34:53,583 | INFO | Cycle start
2026-04-22 14:34:54,059 | INFO | Regime: BULL
2026-04-22 14:34:54,083 | INFO | Cycle start
2026-04-22 14:34:54,093 | INFO | Regime: BULL
2026-04-22 14:34:54,093 | INFO | No option chain
2026-04-22 14:34:54,120 | INFO | No option chain
2026-04-22 14:35:09,240 | INFO | Bot started
2026-04-22 14:35:09,278 | INFO | Cycle start
2026-04-22 14:35:09,753 | INFO | Cycle start
2026-04-22 14:35:09,766 | INFO | Regime: BULL
2026-04-22 14:35:10,252 | INFO | Spot: None
2026-04-22 14:35:10,253 | INFO | MTM PnL: 0
2026-04-22 14:35:10,253 | INFO | PnL Summary: {'realized': 0, 'unrealized': 0, 'total': 0, 'open_positions': 0}
2026-04-22 14:35:10,253 | ERROR | Error in cycle
2026-04-22 14:35:10,736 | INFO | Cycle start
2026-04-22 14:35:11,282 | INFO | Regime: BULL
2026-04-22 14:35:11,345 | INFO | No option chain
2026-04-22 14:35:11,542 | INFO | Regime: BULL
2026-04-22 14:35:20,245 | INFO | Cycle start
2026-04-22 14:35:20,378 | INFO | Regime: BULL
2026-04-22 14:35:20,455 | INFO | No option chain
2026-04-22 14:35:22,356 | INFO | Cycle start
2026-04-22 14:35:22,367 | INFO | Regime: BULL
2026-04-22 14:35:22,769 | INFO | Spot: None
2026-04-22 14:35:22,770 | INFO | MTM PnL: 0
2026-04-22 14:35:22,770 | INFO | PnL Summary: {'realized': 0, 'unrealized': 0, 'total': 0, 'open_positions': 0}
2026-04-22 14:35:22,770 | ERROR | Error in cycle
2026-04-22 14:35:24,093 | INFO | Cycle start
2026-04-22 14:35:24,126 | INFO | Cycle start
2026-04-22 14:35:24,137 | INFO | Regime: BULL
2026-04-22 14:35:24,209 | INFO | No option chain
2026-04-22 14:35:24,275 | INFO | Regime: BULL
2026-04-22 14:35:24,275 | INFO | No option chain
2026-04-22 14:35:32,329 | INFO | Spot: None
2026-04-22 14:35:32,335 | INFO | MTM PnL: 0
2026-04-22 14:35:32,335 | INFO | PnL Summary: {'realized': 0, 'unrealized': 0, 'total': 0, 'open_positions': 0}
2026-04-22 14:35:32,335 | ERROR | Error in cycle
2026-04-22 14:35:40,261 | INFO | Cycle start
2026-04-22 14:35:40,561 | INFO | Regime: BULL
2026-04-22 14:35:41,096 | INFO | Spot: None
2026-04-22 14:35:41,096 | INFO | MTM PnL: 0
2026-04-22 14:35:41,096 | INFO | PnL Summary: {'realized': 0, 'unrealized': 0, 'total': 0, 'open_positions': 0}
2026-04-22 14:35:41,096 | ERROR | Error in cycle
2026-04-22 14:35:41,362 | INFO | Cycle start
2026-04-22 14:35:41,372 | INFO | Regime: BULL
2026-04-22 14:35:41,431 | INFO | No option chain
2026-04-22 14:35:50,469 | INFO | Cycle start
2026-04-22 14:35:50,480 | INFO | Regime: BULL
2026-04-22 14:35:50,560 | INFO | No option chain
2026-04-22 14:35:52,782 | INFO | Cycle start
2026-04-22 14:35:53,246 | INFO | Regime: BULL
2026-04-22 14:35:53,834 | INFO | Spot: None
2026-04-22 14:35:53,835 | INFO | MTM PnL: 0
2026-04-22 14:35:53,835 | INFO | PnL Summary: {'realized': 0, 'unrealized': 0, 'total': 0, 'open_positions': 0}
2026-04-22 14:35:53,835 | ERROR | Error in cycle
2026-04-22 14:35:54,217 | INFO | Cycle start
2026-04-22 14:35:54,283 | INFO | Cycle start
2026-04-22 14:35:54,293 | INFO | Regime: BULL
2026-04-22 14:35:54,293 | INFO | No option chain
2026-04-22 14:35:54,424 | INFO | Regime: BULL
2026-04-22 14:35:54,485 | INFO | No option chain
2026-04-22 14:36:02,362 | INFO | Cycle start
2026-04-22 14:36:02,837 | INFO | Regime: BULL
2026-04-22 14:36:11,107 | INFO | Cycle start
2026-04-22 14:36:11,120 | INFO | Regime: BULL
2026-04-22 14:36:11,435 | INFO | Cycle start
2026-04-22 14:36:11,630 | INFO | Spot: None
2026-04-22 14:36:11,630 | INFO | MTM PnL: 0
2026-04-22 14:36:11,632 | INFO | PnL Summary: {'realized': 0, 'unrealized': 0, 'total': 0, 'open_positions': 0}
2026-04-22 14:36:11,632 | ERROR | Error in cycle
2026-04-22 14:36:11,657 | INFO | Regime: BULL
2026-04-22 14:36:11,723 | INFO | No option chain
2026-04-22 14:36:20,560 | INFO | Cycle start
2026-04-22 14:36:20,822 | INFO | Regime: BULL
2026-04-22 14:36:20,888 | INFO | No option chain
2026-04-22 14:36:23,842 | INFO | Cycle start
2026-04-22 14:36:23,854 | INFO | Regime: BULL
2026-04-22 14:36:24,225 | INFO | Spot: None
2026-04-22 14:36:24,225 | INFO | MTM PnL: 0
2026-04-22 14:36:24,225 | INFO | PnL Summary: {'realized': 0, 'unrealized': 0, 'total': 0, 'open_positions': 0}
2026-04-22 14:36:24,225 | ERROR | Error in cycle
2026-04-22 14:36:24,314 | INFO | Cycle start
2026-04-22 14:36:24,500 | INFO | Cycle start
2026-04-22 14:36:24,507 | INFO | Regime: BULL
2026-04-22 14:36:24,534 | INFO | Regime: BULL
2026-04-22 14:36:24,534 | INFO | No option chain
2026-04-22 14:36:24,566 | INFO | No option chain
2026-04-22 14:36:41,637 | INFO | Cycle start
2026-04-22 14:36:41,726 | INFO | Cycle start
2026-04-22 14:36:41,742 | INFO | Regime: BULL
2026-04-22 14:36:41,814 | INFO | No option chain
2026-04-22 14:36:41,878 | INFO | Regime: BULL
2026-04-22 14:36:42,453 | INFO | Spot: None
2026-04-22 14:36:42,453 | INFO | MTM PnL: 0
2026-04-22 14:36:42,453 | INFO | PnL Summary: {'realized': 0, 'unrealized': 0, 'total': 0, 'open_positions': 0}
2026-04-22 14:36:42,456 | ERROR | Error in cycle
2026-04-22 14:36:50,900 | INFO | Cycle start
2026-04-22 14:36:50,917 | INFO | Regime: BULL
2026-04-22 14:36:50,981 | INFO | No option chain
2026-04-22 14:36:54,231 | INFO | Cycle start
2026-04-22 14:36:54,545 | INFO | Cycle start
2026-04-22 14:36:54,565 | INFO | Regime: BULL
2026-04-22 14:36:54,565 | INFO | No option chain
2026-04-22 14:36:54,567 | INFO | Cycle start
2026-04-22 14:36:54,692 | INFO | Regime: BULL
2026-04-22 14:36:54,812 | INFO | Regime: BULL
2026-04-22 14:36:54,884 | INFO | No option chain
2026-04-22 14:36:55,116 | INFO | Spot: None
2026-04-22 14:36:55,117 | INFO | MTM PnL: 0
2026-04-22 14:36:55,118 | INFO | PnL Summary: {'realized': 0, 'unrealized': 0, 'total': 0, 'open_positions': 0}
2026-04-22 14:36:55,120 | ERROR | Error in cycle
2026-04-22 14:37:11,818 | INFO | Cycle start
2026-04-22 14:37:12,057 | INFO | Regime: BULL
2026-04-22 14:37:12,117 | INFO | No option chain
2026-04-22 14:37:12,468 | INFO | Cycle start
2026-04-22 14:37:12,482 | INFO | Regime: BULL
2026-04-22 14:37:13,097 | INFO | Spot: None
2026-04-22 14:37:13,097 | INFO | MTM PnL: 0
2026-04-22 14:37:13,097 | INFO | PnL Summary: {'realized': 0, 'unrealized': 0, 'total': 0, 'open_positions': 0}
2026-04-22 14:37:13,097 | ERROR | Error in cycle
2026-04-22 14:37:20,984 | INFO | Cycle start
2026-04-22 14:37:21,183 | INFO | Regime: BULL
2026-04-22 14:37:21,240 | INFO | No option chain
2026-04-22 14:37:24,569 | INFO | Cycle start
2026-04-22 14:37:24,889 | INFO | Cycle start
2026-04-22 14:37:24,910 | INFO | Regime: BULL
2026-04-22 14:37:24,971 | INFO | No option chain
2026-04-22 14:37:25,128 | INFO | Cycle start
2026-04-22 14:37:25,144 | INFO | Regime: BULL
2026-04-22 14:37:25,148 | INFO | Regime: BULL
2026-04-22 14:37:25,148 | INFO | No option chain
2026-04-22 14:37:25,615 | INFO | Spot: None
2026-04-22 14:37:25,615 | INFO | MTM PnL: 0
2026-04-22 14:37:25,615 | INFO | PnL Summary: {'realized': 0, 'unrealized': 0, 'total': 0, 'open_positions': 0}
2026-04-22 14:37:25,615 | ERROR | Error in cycle
2026-04-22 14:37:42,128 | INFO | Cycle start
2026-04-22 14:37:42,137 | INFO | Regime: BULL
2026-04-22 14:37:42,199 | INFO | No option chain
2026-04-22 14:37:43,112 | INFO | Cycle start
2026-04-22 14:37:43,651 | INFO | Regime: BULL
2026-04-22 14:37:44,255 | INFO | Spot: None
2026-04-22 14:37:44,255 | INFO | MTM PnL: 0
2026-04-22 14:37:44,255 | INFO | PnL Summary: {'realized': 0, 'unrealized': 0, 'total': 0, 'open_positions': 0}
2026-04-22 14:37:44,257 | ERROR | Error in cycle
2026-04-22 14:37:51,255 | INFO | Cycle start
2026-04-22 14:37:51,269 | INFO | Regime: BULL
2026-04-22 14:37:51,345 | INFO | No option chain
2026-04-22 14:37:54,971 | INFO | Cycle start
2026-04-22 14:37:55,153 | INFO | Cycle start
2026-04-22 14:37:55,159 | INFO | Regime: BULL
2026-04-22 14:37:55,159 | INFO | No option chain
2026-04-22 14:37:55,517 | INFO | Regime: BULL
2026-04-22 14:37:55,575 | INFO | No option chain
2026-04-22 14:37:55,633 | INFO | Cycle start
2026-04-22 14:37:55,755 | INFO | Regime: BULL
2026-04-22 14:37:56,162 | INFO | Spot: None
2026-04-22 14:37:56,165 | INFO | MTM PnL: 0
2026-04-22 14:37:56,165 | INFO | PnL Summary: {'realized': 0, 'unrealized': 0, 'total': 0, 'open_positions': 0}
2026-04-22 14:37:56,166 | ERROR | Error in cycle
2026-04-22 14:38:12,203 | INFO | Cycle start
2026-04-22 14:38:12,520 | INFO | Regime: BULL
2026-04-22 14:38:12,580 | INFO | No option chain
2026-04-22 14:38:14,262 | INFO | Cycle start
2026-04-22 14:38:14,272 | INFO | Regime: BULL
2026-04-22 14:38:15,342 | INFO | Spot: None
2026-04-22 14:38:15,342 | INFO | MTM PnL: 0
2026-04-22 14:38:15,342 | INFO | PnL Summary: {'realized': 0, 'unrealized': 0, 'total': 0, 'open_positions': 0}
2026-04-22 14:38:15,342 | ERROR | Error in cycle
2026-04-22 14:38:21,361 | INFO | Cycle start
2026-04-22 14:38:21,771 | INFO | Regime: BULL
2026-04-22 14:38:21,823 | INFO | No option chain
2026-04-22 14:38:25,160 | INFO | Cycle start
2026-04-22 14:38:25,320 | INFO | Regime: BULL
2026-04-22 14:38:25,320 | INFO | No option chain
2026-04-22 14:38:25,576 | INFO | Cycle start
2026-04-22 14:38:25,586 | INFO | Regime: BULL
2026-04-22 14:38:25,648 | INFO | No option chain
2026-04-22 14:38:26,169 | INFO | Cycle start
2026-04-22 14:38:26,179 | INFO | Regime: BULL
2026-04-22 14:38:26,645 | INFO | Spot: None
2026-04-22 14:38:26,645 | INFO | MTM PnL: 0
2026-04-22 14:38:26,645 | INFO | PnL Summary: {'realized': 0, 'unrealized': 0, 'total': 0, 'open_positions': 0}
2026-04-22 14:38:26,645 | ERROR | Error in cycle
2026-04-22 14:38:42,594 | INFO | Cycle start
2026-04-22 14:38:42,602 | INFO | Regime: BULL
2026-04-22 14:38:42,661 | INFO | No option chain
2026-04-22 14:38:45,356 | INFO | Cycle start
2026-04-22 14:38:45,653 | INFO | Regime: BULL
2026-04-22 14:38:46,228 | INFO | Spot: None
2026-04-22 14:38:46,228 | INFO | MTM PnL: 0
2026-04-22 14:38:46,228 | INFO | PnL Summary: {'realized': 0, 'unrealized': 0, 'total': 0, 'open_positions': 0}
2026-04-22 14:38:46,228 | ERROR | Error in cycle
2026-04-22 14:38:51,837 | INFO | Cycle start
2026-04-22 14:38:51,850 | INFO | Regime: BULL
2026-04-22 14:38:51,905 | INFO | No option chain
2026-04-22 14:38:55,336 | INFO | Cycle start
2026-04-22 14:38:55,340 | INFO | Regime: BULL
2026-04-22 14:38:55,340 | INFO | No option chain
2026-04-22 14:38:55,649 | INFO | Cycle start
2026-04-22 14:38:55,902 | INFO | Regime: BULL
2026-04-22 14:38:55,970 | INFO | No option chain
2026-04-22 14:38:56,652 | INFO | Cycle start
2026-04-22 14:38:56,865 | INFO | Regime: BULL
2026-04-22 14:38:57,300 | INFO | Spot: None
2026-04-22 14:38:57,300 | INFO | MTM PnL: 0
2026-04-22 14:38:57,302 | INFO | PnL Summary: {'realized': 0, 'unrealized': 0, 'total': 0, 'open_positions': 0}
2026-04-22 14:38:57,302 | ERROR | Error in cycle
2026-04-22 14:39:12,665 | INFO | Cycle start
2026-04-22 14:39:12,966 | INFO | Regime: BULL
2026-04-22 14:39:13,029 | INFO | No option chain
2026-04-22 14:39:16,243 | INFO | Cycle start
2026-04-22 14:39:16,262 | INFO | Regime: BULL
2026-04-22 14:39:16,813 | INFO | Spot: None
2026-04-22 14:39:16,813 | INFO | MTM PnL: 0
2026-04-22 14:39:16,813 | INFO | PnL Summary: {'realized': 0, 'unrealized': 0, 'total': 0, 'open_positions': 0}
2026-04-22 14:39:16,813 | ERROR | Error in cycle
2026-04-22 14:39:21,912 | INFO | Cycle start
2026-04-22 14:39:22,271 | INFO | Regime: BULL
2026-04-22 14:39:22,328 | INFO | No option chain
2026-04-22 14:39:25,342 | INFO | Cycle start
2026-04-22 14:39:25,614 | INFO | Regime: BULL
2026-04-22 14:39:25,615 | INFO | No option chain
2026-04-22 14:39:25,975 | INFO | Cycle start
2026-04-22 14:39:25,986 | INFO | Regime: BULL
2026-04-22 14:39:26,046 | INFO | No option chain
2026-04-22 14:39:27,320 | INFO | Cycle start
2026-04-22 14:39:27,333 | INFO | Regime: BULL
2026-04-22 14:39:27,798 | INFO | Spot: None
2026-04-22 14:39:27,798 | INFO | MTM PnL: 0
2026-04-22 14:39:27,799 | INFO | PnL Summary: {'realized': 0, 'unrealized': 0, 'total': 0, 'open_positions': 0}
2026-04-22 14:39:27,799 | ERROR | Error in cycle
2026-04-22 14:39:43,032 | INFO | Cycle start
2026-04-22 14:39:43,066 | INFO | Regime: BULL
2026-04-22 14:39:43,132 | INFO | No option chain
2026-04-22 14:39:46,822 | INFO | Cycle start
2026-04-22 14:39:47,239 | INFO | Regime: BULL
2026-04-22 14:39:47,799 | INFO | Spot: None
2026-04-22 14:39:47,799 | INFO | MTM PnL: 0
2026-04-22 14:39:47,799 | INFO | PnL Summary: {'realized': 0, 'unrealized': 0, 'total': 0, 'open_positions': 0}
2026-04-22 14:39:47,799 | ERROR | Error in cycle
2026-04-22 14:39:52,337 | INFO | Cycle start
2026-04-22 14:39:52,356 | INFO | Regime: BULL
2026-04-22 14:39:52,413 | INFO | No option chain
2026-04-22 14:39:55,620 | INFO | Cycle start
2026-04-22 14:39:55,630 | INFO | Regime: BULL
2026-04-22 14:39:55,630 | INFO | No option chain
2026-04-22 14:39:56,052 | INFO | Cycle start
2026-04-22 14:39:56,408 | INFO | Regime: BULL
2026-04-22 14:39:56,478 | INFO | No option chain
2026-04-22 14:39:57,816 | INFO | Cycle start
2026-04-22 14:39:58,011 | INFO | Regime: BULL
2026-04-22 14:39:58,471 | INFO | Spot: None
2026-04-22 14:39:58,472 | INFO | MTM PnL: 0
2026-04-22 14:39:58,472 | INFO | PnL Summary: {'realized': 0, 'unrealized': 0, 'total': 0, 'open_positions': 0}
2026-04-22 14:39:58,473 | ERROR | Error in cycle
2026-04-22 14:40:13,133 | INFO | Cycle start
2026-04-22 14:40:13,413 | INFO | Regime: BULL
2026-04-22 14:40:13,474 | INFO | No option chain
2026-04-22 14:40:17,809 | INFO | Cycle start
2026-04-22 14:40:17,821 | INFO | Regime: BULL
2026-04-22 14:40:18,411 | INFO | Spot: None
2026-04-22 14:40:18,413 | INFO | MTM PnL: 0
2026-04-22 14:40:18,413 | INFO | PnL Summary: {'realized': 0, 'unrealized': 0, 'total': 0, 'open_positions': 0}
2026-04-22 14:40:18,416 | ERROR | Error in cycle
2026-04-22 14:40:22,420 | INFO | Cycle start
2026-04-22 14:40:22,696 | INFO | Regime: BULL
2026-04-22 14:40:22,751 | INFO | No option chain
2026-04-22 14:40:25,635 | INFO | Cycle start
2026-04-22 14:40:25,856 | INFO | Regime: BULL
2026-04-22 14:40:25,856 | INFO | No option chain
2026-04-22 14:40:26,490 | INFO | Cycle start
2026-04-22 14:40:26,506 | INFO | Regime: BULL
2026-04-22 14:40:26,567 | INFO | No option chain
2026-04-22 14:40:28,200 | INFO | Spot: None
2026-04-22 14:40:28,203 | INFO | MTM PnL: 0
2026-04-22 14:40:28,203 | INFO | PnL Summary: {'realized': 0, 'unrealized': 0, 'total': 0, 'open_positions': 0}
2026-04-22 14:40:28,204 | ERROR | Error in cycle
2026-04-22 14:40:28,483 | INFO | Cycle start
2026-04-22 14:40:28,489 | INFO | Regime: BULL
2026-04-22 14:40:28,901 | INFO | Spot: None
2026-04-22 14:40:28,901 | INFO | MTM PnL: 0
2026-04-22 14:40:28,902 | INFO | PnL Summary: {'realized': 0, 'unrealized': 0, 'total': 0, 'open_positions': 0}
2026-04-22 14:40:28,902 | ERROR | Error in cycle
2026-04-22 14:40:43,480 | INFO | Cycle start
2026-04-22 14:40:43,489 | INFO | Regime: BULL
2026-04-22 14:40:43,570 | INFO | No option chain
2026-04-22 14:40:46,064 | INFO | Spot: None
2026-04-22 14:40:46,066 | INFO | MTM PnL: 0
2026-04-22 14:40:46,066 | INFO | PnL Summary: {'realized': 0, 'unrealized': 0, 'total': 0, 'open_positions': 0}
2026-04-22 14:40:46,066 | ERROR | Error in cycle
2026-04-22 14:40:48,423 | INFO | Cycle start
2026-04-22 14:40:48,767 | INFO | Regime: BULL
2026-04-22 14:40:49,299 | INFO | Spot: None
2026-04-22 14:40:49,299 | INFO | MTM PnL: 0
2026-04-22 14:40:49,300 | INFO | PnL Summary: {'realized': 0, 'unrealized': 0, 'total': 0, 'open_positions': 0}
2026-04-22 14:40:49,301 | ERROR | Error in cycle
2026-04-22 14:40:52,754 | INFO | Cycle start
2026-04-22 14:40:52,777 | INFO | Regime: BULL
2026-04-22 14:40:52,836 | INFO | No option chain
2026-04-22 14:40:55,851 | INFO | Cycle start
2026-04-22 14:40:55,869 | INFO | Regime: BULL
2026-04-22 14:40:55,869 | INFO | No option chain
2026-04-22 14:40:56,569 | INFO | Cycle start
2026-04-22 14:40:56,834 | INFO | Regime: BULL
2026-04-22 14:40:56,888 | INFO | No option chain
2026-04-22 14:40:58,218 | INFO | Cycle start
2026-04-22 14:40:58,630 | INFO | Regime: BULL
2026-04-22 14:40:58,910 | INFO | Cycle start
2026-04-22 14:40:59,055 | INFO | Regime: BULL
2026-04-22 14:40:59,484 | INFO | Spot: None
2026-04-22 14:40:59,484 | INFO | MTM PnL: 0
2026-04-22 14:40:59,485 | INFO | PnL Summary: {'realized': 0, 'unrealized': 0, 'total': 0, 'open_positions': 0}
2026-04-22 14:40:59,487 | ERROR | Error in cycle
2026-04-22 14:41:13,571 | INFO | Cycle start
2026-04-22 14:41:13,868 | INFO | Regime: BULL
2026-04-22 14:41:13,941 | INFO | No option chain
2026-04-22 14:41:16,099 | INFO | Cycle start
2026-04-22 14:41:16,439 | INFO | Regime: BULL
2026-04-22 14:41:19,314 | INFO | Cycle start
2026-04-22 14:41:19,323 | INFO | Regime: BULL
2026-04-22 14:41:19,799 | INFO | Spot: None
2026-04-22 14:41:19,802 | INFO | MTM PnL: 0
2026-04-22 14:41:19,803 | INFO | PnL Summary: {'realized': 0, 'unrealized': 0, 'total': 0, 'open_positions': 0}
2026-04-22 14:41:19,803 | ERROR | Error in cycle
2026-04-22 14:41:22,847 | INFO | Cycle start
2026-04-22 14:41:23,098 | INFO | Regime: BULL
2026-04-22 14:41:23,166 | INFO | No option chain
2026-04-22 14:41:25,873 | INFO | Cycle start
2026-04-22 14:41:26,057 | INFO | Regime: BULL
2026-04-22 14:41:26,057 | INFO | No option chain
2026-04-22 14:41:26,899 | INFO | Cycle start
2026-04-22 14:41:26,901 | INFO | Regime: BULL
2026-04-22 14:41:26,977 | INFO | No option chain
2026-04-22 14:41:29,496 | INFO | Cycle start
2026-04-22 14:41:29,504 | INFO | Regime: BULL
2026-04-22 14:41:29,936 | INFO | Spot: None
2026-04-22 14:41:29,937 | INFO | MTM PnL: 0
2026-04-22 14:41:29,938 | INFO | PnL Summary: {'realized': 0, 'unrealized': 0, 'total': 0, 'open_positions': 0}
2026-04-22 14:41:29,938 | ERROR | Error in cycle
2026-04-22 14:41:43,944 | INFO | Cycle start
2026-04-22 14:41:43,961 | INFO | Regime: BULL
2026-04-22 14:41:44,033 | INFO | No option chain
2026-04-22 14:41:49,807 | INFO | Cycle start
2026-04-22 14:41:50,387 | INFO | Regime: BULL
2026-04-22 14:41:50,840 | INFO | Spot: None
2026-04-22 14:41:50,840 | INFO | MTM PnL: 0
2026-04-22 14:41:50,840 | INFO | PnL Summary: {'realized': 0, 'unrealized': 0, 'total': 0, 'open_positions': 0}
2026-04-22 14:41:50,840 | ERROR | Error in cycle
2026-04-22 14:41:53,169 | INFO | Cycle start
2026-04-22 14:41:53,175 | INFO | Regime: BULL
2026-04-22 14:41:53,237 | INFO | No option chain
2026-04-22 14:41:56,067 | INFO | Cycle start
2026-04-22 14:41:56,070 | INFO | Regime: BULL
2026-04-22 14:41:56,077 | INFO | No option chain
2026-04-22 14:41:56,985 | INFO | Cycle start
2026-04-22 14:41:57,362 | INFO | Regime: BULL
2026-04-22 14:41:57,434 | INFO | No option chain
2026-04-22 14:41:59,950 | INFO | Cycle start
2026-04-22 14:42:00,104 | INFO | Regime: BULL
2026-04-22 14:42:00,554 | INFO | Spot: None
2026-04-22 14:42:00,556 | INFO | MTM PnL: 0
2026-04-22 14:42:00,556 | INFO | PnL Summary: {'realized': 0, 'unrealized': 0, 'total': 0, 'open_positions': 0}
2026-04-22 14:42:00,558 | ERROR | Error in cycle
2026-04-22 14:42:14,040 | INFO | Cycle start
2026-04-22 14:42:14,724 | INFO | Regime: BULL
2026-04-22 14:42:14,779 | INFO | No option chain
2026-04-22 14:42:20,847 | INFO | Cycle start
2026-04-22 14:42:20,872 | INFO | Regime: BULL
2026-04-22 14:42:21,421 | INFO | Spot: None
2026-04-22 14:42:21,422 | INFO | MTM PnL: 0
2026-04-22 14:42:21,422 | INFO | PnL Summary: {'realized': 0, 'unrealized': 0, 'total': 0, 'open_positions': 0}
2026-04-22 14:42:21,423 | ERROR | Error in cycle
2026-04-22 14:42:23,249 | INFO | Cycle start
2026-04-22 14:42:23,796 | INFO | Regime: BULL
2026-04-22 14:42:23,860 | INFO | No option chain
2026-04-22 14:42:26,079 | INFO | Cycle start
2026-04-22 14:42:26,282 | INFO | Regime: BULL
2026-04-22 14:42:26,283 | INFO | No option chain
2026-04-22 14:42:27,443 | INFO | Cycle start
2026-04-22 14:42:27,456 | INFO | Regime: BULL
2026-04-22 14:42:27,521 | INFO | No option chain
2026-04-22 14:42:30,577 | INFO | Cycle start
2026-04-22 14:42:30,591 | INFO | Regime: BULL
2026-04-22 14:42:31,064 | INFO | Spot: None
2026-04-22 14:42:31,065 | INFO | MTM PnL: 0
2026-04-22 14:42:31,065 | INFO | PnL Summary: {'realized': 0, 'unrealized': 0, 'total': 0, 'open_positions': 0}
2026-04-22 14:42:31,065 | ERROR | Error in cycle
2026-04-22 14:42:44,781 | INFO | Cycle start
2026-04-22 14:42:44,792 | INFO | Regime: BULL
2026-04-22 14:42:44,853 | INFO | No option chain
2026-04-22 14:42:51,439 | INFO | Cycle start
2026-04-22 14:42:51,701 | INFO | Regime: BULL
2026-04-22 14:42:52,299 | INFO | Spot: None
2026-04-22 14:42:52,299 | INFO | MTM PnL: 0
2026-04-22 14:42:52,299 | INFO | PnL Summary: {'realized': 0, 'unrealized': 0, 'total': 0, 'open_positions': 0}
2026-04-22 14:42:52,299 | ERROR | Error in cycle
2026-04-22 14:42:53,873 | INFO | Cycle start
2026-04-22 14:42:53,888 | INFO | Regime: BULL
2026-04-22 14:42:53,949 | INFO | No option chain
2026-04-22 14:42:56,287 | INFO | Cycle start
2026-04-22 14:42:56,298 | INFO | Regime: BULL
2026-04-22 14:42:56,299 | INFO | No option chain
2026-04-22 14:42:57,528 | INFO | Cycle start
2026-04-22 14:42:57,788 | INFO | Regime: BULL
2026-04-22 14:42:57,851 | INFO | No option chain
2026-04-22 14:43:01,066 | INFO | Cycle start
2026-04-22 14:43:01,441 | INFO | Regime: BULL
2026-04-22 14:43:01,859 | INFO | Spot: None
2026-04-22 14:43:01,860 | INFO | MTM PnL: 0
2026-04-22 14:43:01,860 | INFO | PnL Summary: {'realized': 0, 'unrealized': 0, 'total': 0, 'open_positions': 0}
2026-04-22 14:43:01,861 | ERROR | Error in cycle
2026-04-22 14:43:14,854 | INFO | Cycle start
2026-04-22 14:43:15,252 | INFO | Regime: BULL
2026-04-22 14:43:15,357 | INFO | No option chain
2026-04-22 14:43:22,317 | INFO | Cycle start
2026-04-22 14:43:22,330 | INFO | Regime: BULL
2026-04-22 14:43:22,959 | INFO | Spot: None
2026-04-22 14:43:22,959 | INFO | MTM PnL: 0
2026-04-22 14:43:22,959 | INFO | PnL Summary: {'realized': 0, 'unrealized': 0, 'total': 0, 'open_positions': 0}
2026-04-22 14:43:22,959 | ERROR | Error in cycle
2026-04-22 14:43:23,962 | INFO | Cycle start
2026-04-22 14:43:24,141 | INFO | Regime: BULL
2026-04-22 14:43:24,208 | INFO | No option chain
2026-04-22 14:43:26,312 | INFO | Cycle start
2026-04-22 14:43:26,608 | INFO | Regime: BULL
2026-04-22 14:43:26,608 | INFO | No option chain
2026-04-22 14:43:27,859 | INFO | Cycle start
2026-04-22 14:43:27,875 | INFO | Regime: BULL
2026-04-22 14:43:27,937 | INFO | No option chain
2026-04-22 14:43:31,880 | INFO | Cycle start
2026-04-22 14:43:31,912 | INFO | Regime: BULL
2026-04-22 14:43:32,591 | INFO | Spot: None
2026-04-22 14:43:32,591 | INFO | MTM PnL: 0
2026-04-22 14:43:32,591 | INFO | PnL Summary: {'realized': 0, 'unrealized': 0, 'total': 0, 'open_positions': 0}
2026-04-22 14:43:32,591 | ERROR | Error in cycle
2026-04-22 14:43:45,361 | INFO | Cycle start
2026-04-22 14:43:45,369 | INFO | Regime: BULL
2026-04-22 14:43:45,444 | INFO | No option chain
2026-04-22 14:43:48,109 | INFO | Spot: None
2026-04-22 14:43:48,110 | INFO | MTM PnL: 0
2026-04-22 14:43:48,110 | INFO | PnL Summary: {'realized': 0, 'unrealized': 0, 'total': 0, 'open_positions': 0}
2026-04-22 14:43:48,111 | ERROR | Error in cycle
2026-04-22 14:43:48,267 | INFO | Spot: None
2026-04-22 14:43:48,267 | INFO | MTM PnL: 0
2026-04-22 14:43:48,268 | INFO | PnL Summary: {'realized': 0, 'unrealized': 0, 'total': 0, 'open_positions': 0}
2026-04-22 14:43:48,268 | ERROR | Error in cycle
2026-04-22 14:43:52,969 | INFO | Cycle start
2026-04-22 14:43:53,244 | INFO | Regime: BULL
2026-04-22 14:43:53,394 | INFO | No option chain
2026-04-22 14:43:54,215 | INFO | Cycle start
2026-04-22 14:43:54,235 | INFO | Regime: BULL
2026-04-22 14:43:54,301 | INFO | No option chain
2026-04-22 14:43:56,620 | INFO | Cycle start
2026-04-22 14:43:56,631 | INFO | Regime: BULL
2026-04-22 14:43:56,631 | INFO | No option chain
2026-04-22 14:43:57,952 | INFO | Cycle start
2026-04-22 14:43:58,531 | INFO | Regime: BULL
2026-04-22 14:43:58,596 | INFO | No option chain
2026-04-22 14:44:02,598 | INFO | Cycle start
2026-04-22 14:44:02,884 | INFO | Regime: BULL
2026-04-22 14:44:03,001 | INFO | No option chain
2026-04-22 14:44:15,454 | INFO | Cycle start
2026-04-22 14:44:15,822 | INFO | Regime: BULL
2026-04-22 14:44:15,934 | INFO | No option chain
2026-04-22 14:44:18,132 | INFO | Cycle start
2026-04-22 14:44:18,284 | INFO | Cycle start
2026-04-22 14:44:18,515 | INFO | Regime: BULL
2026-04-22 14:44:18,518 | INFO | Regime: BULL
2026-04-22 14:44:18,635 | INFO | No option chain
2026-04-22 14:44:18,661 | INFO | No option chain
2026-04-22 14:44:23,395 | INFO | Cycle start
2026-04-22 14:44:23,398 | INFO | Regime: BULL
2026-04-22 14:44:23,558 | INFO | No option chain
2026-04-22 14:44:24,309 | INFO | Cycle start
2026-04-22 14:44:24,388 | INFO | Regime: BULL
2026-04-22 14:44:24,451 | INFO | No option chain
2026-04-22 14:44:26,643 | INFO | Cycle start
2026-04-22 14:44:26,865 | INFO | Regime: BULL
2026-04-22 14:44:26,865 | INFO | No option chain
2026-04-22 14:44:28,605 | INFO | Cycle start
2026-04-22 14:44:28,618 | INFO | Regime: BULL
2026-04-22 14:44:28,683 | INFO | No option chain
2026-04-22 14:44:33,004 | INFO | Cycle start
2026-04-22 14:44:33,012 | INFO | Regime: BULL
2026-04-22 14:44:33,146 | INFO | No option chain
2026-04-22 14:44:45,949 | INFO | Cycle start
2026-04-22 14:44:45,962 | INFO | Regime: BULL
2026-04-22 14:44:46,017 | INFO | No option chain
2026-04-22 14:44:48,646 | INFO | Cycle start
2026-04-22 14:44:48,663 | INFO | Regime: BULL
2026-04-22 14:44:48,676 | INFO | Cycle start
2026-04-22 14:44:48,685 | INFO | Regime: BULL
2026-04-22 14:44:48,780 | INFO | No option chain
2026-04-22 14:44:48,828 | INFO | No option chain
2026-04-22 14:44:53,569 | INFO | Cycle start
2026-04-22 14:44:53,932 | INFO | Regime: BULL
2026-04-22 14:44:54,105 | INFO | No option chain
2026-04-22 14:44:54,459 | INFO | Cycle start
2026-04-22 14:44:54,471 | INFO | Regime: BULL
2026-04-22 14:44:54,542 | INFO | No option chain
2026-04-22 14:44:56,885 | INFO | Cycle start
2026-04-22 14:44:56,939 | INFO | Regime: BULL
2026-04-22 14:44:56,944 | INFO | No option chain
2026-04-22 14:44:58,686 | INFO | Cycle start
2026-04-22 14:44:58,903 | INFO | Regime: BULL
2026-04-22 14:44:58,970 | INFO | No option chain
2026-04-22 14:45:03,155 | INFO | Cycle start
2026-04-22 14:45:03,275 | INFO | Regime: BULL
2026-04-22 14:45:03,398 | INFO | No option chain
2026-04-22 14:45:16,019 | INFO | Cycle start
2026-04-22 14:45:16,332 | INFO | Regime: BULL
2026-04-22 14:45:16,399 | INFO | No option chain
2026-04-22 14:45:18,790 | INFO | Cycle start
2026-04-22 14:45:18,836 | INFO | Cycle start
2026-04-22 14:45:19,000 | INFO | Regime: BULL
2026-04-22 14:45:19,032 | INFO | Regime: BULL
2026-04-22 14:45:19,127 | INFO | No option chain
2026-04-22 14:45:19,150 | INFO | No option chain
2026-04-22 14:45:24,117 | INFO | Cycle start
2026-04-22 14:45:24,127 | INFO | Regime: BULL
2026-04-22 14:45:24,263 | INFO | No option chain
2026-04-22 14:45:24,555 | INFO | Cycle start
2026-04-22 14:45:24,940 | INFO | Regime: BULL
2026-04-22 14:45:25,003 | INFO | No option chain
2026-04-22 14:45:26,960 | INFO | Cycle start
2026-04-22 14:45:27,215 | INFO | Regime: BULL
2026-04-22 14:45:27,218 | INFO | No option chain
2026-04-22 14:45:28,978 | INFO | Cycle start
2026-04-22 14:45:28,990 | INFO | Regime: BULL
2026-04-22 14:45:29,051 | INFO | No option chain
2026-04-22 14:45:33,422 | INFO | Cycle start
2026-04-22 14:45:33,435 | INFO | Regime: BULL
2026-04-22 14:45:33,567 | INFO | No option chain
2026-04-22 14:45:46,403 | INFO | Cycle start
2026-04-22 14:45:46,417 | INFO | Regime: BULL
2026-04-22 14:45:46,475 | INFO | No option chain
2026-04-22 14:45:49,130 | INFO | Cycle start
2026-04-22 14:45:49,140 | INFO | Regime: BULL
2026-04-22 14:45:49,159 | INFO | Cycle start
2026-04-22 14:45:49,169 | INFO | Regime: BULL
2026-04-22 14:45:49,297 | INFO | No option chain
2026-04-22 14:45:49,304 | INFO | No option chain
2026-04-22 14:45:54,272 | INFO | Cycle start
2026-04-22 14:45:54,659 | INFO | Regime: BULL
2026-04-22 14:45:54,791 | INFO | No option chain
2026-04-22 14:45:55,006 | INFO | Cycle start
2026-04-22 14:45:55,019 | INFO | Regime: BULL
2026-04-22 14:45:55,072 | INFO | No option chain
2026-04-22 14:45:57,223 | INFO | Cycle start
2026-04-22 14:45:57,237 | INFO | Regime: BULL
2026-04-22 14:45:57,238 | INFO | No option chain
2026-04-22 14:45:59,051 | INFO | Cycle start
2026-04-22 14:46:00,125 | INFO | Regime: BULL
2026-04-22 14:46:00,197 | INFO | No option chain
2026-04-22 14:46:03,578 | INFO | Cycle start
2026-04-22 14:46:03,983 | INFO | Regime: BULL
2026-04-22 14:46:04,109 | INFO | No option chain
2026-04-22 14:46:16,477 | INFO | Cycle start
2026-04-22 14:46:16,897 | INFO | Regime: BULL
2026-04-22 14:46:16,960 | INFO | No option chain
2026-04-22 14:46:19,302 | INFO | Cycle start
2026-04-22 14:46:19,320 | INFO | Cycle start
2026-04-22 14:46:20,633 | INFO | Regime: BULL
2026-04-22 14:46:20,753 | INFO | No option chain
2026-04-22 14:46:20,769 | INFO | Regime: BULL
2026-04-22 14:46:20,995 | INFO | No option chain
2026-04-22 14:46:24,799 | INFO | Cycle start
2026-04-22 14:46:24,805 | INFO | Regime: BULL
2026-04-22 14:46:24,941 | INFO | No option chain
2026-04-22 14:46:25,081 | INFO | Cycle start
2026-04-22 14:46:25,787 | INFO | Regime: BULL
2026-04-22 14:46:25,853 | INFO | No option chain
2026-04-22 14:46:27,247 | INFO | Cycle start
2026-04-22 14:46:27,392 | INFO | Regime: BULL
2026-04-22 14:46:27,392 | INFO | No option chain
2026-04-22 14:46:30,197 | INFO | Cycle start
2026-04-22 14:46:30,211 | INFO | Regime: BULL
2026-04-22 14:46:30,279 | INFO | No option chain
2026-04-22 14:46:34,115 | INFO | Cycle start
2026-04-22 14:46:34,127 | INFO | Regime: BULL
2026-04-22 14:46:34,246 | INFO | No option chain
2026-04-22 14:46:46,963 | INFO | Cycle start
2026-04-22 14:46:46,985 | INFO | Regime: BULL
2026-04-22 14:46:47,048 | INFO | No option chain
2026-04-22 14:46:50,760 | INFO | Cycle start
2026-04-22 14:46:50,774 | INFO | Regime: BULL
2026-04-22 14:46:50,895 | INFO | No option chain
2026-04-22 14:46:51,013 | INFO | Cycle start
2026-04-22 14:46:51,032 | INFO | Regime: BULL
2026-04-22 14:46:51,161 | INFO | No option chain
2026-04-22 14:46:54,955 | INFO | Cycle start
2026-04-22 14:46:55,853 | INFO | Cycle start
2026-04-22 14:46:56,011 | INFO | Regime: BULL
2026-04-22 14:46:56,076 | INFO | No option chain
2026-04-22 14:46:56,385 | INFO | Regime: BULL
2026-04-22 14:46:56,531 | INFO | No option chain
2026-04-22 14:46:57,404 | INFO | Cycle start
2026-04-22 14:46:57,413 | INFO | Regime: BULL
2026-04-22 14:46:57,415 | INFO | No option chain
2026-04-22 14:47:00,289 | INFO | Cycle start
2026-04-22 14:47:00,575 | INFO | Regime: BULL
2026-04-22 14:47:00,660 | INFO | No option chain
2026-04-22 14:47:04,247 | INFO | Cycle start
2026-04-22 14:47:04,844 | INFO | Regime: BULL
2026-04-22 14:47:04,954 | INFO | No option chain
2026-04-22 14:47:17,057 | INFO | Cycle start
2026-04-22 14:47:18,113 | INFO | Regime: BULL
2026-04-22 14:47:18,179 | INFO | No option chain
2026-04-22 14:47:20,904 | INFO | Cycle start
2026-04-22 14:47:21,168 | INFO | Cycle start
2026-04-22 14:47:22,050 | INFO | Regime: BULL
2026-04-22 14:47:22,172 | INFO | No option chain
2026-04-22 14:47:22,185 | INFO | Regime: BULL
2026-04-22 14:47:22,309 | INFO | No option chain
2026-04-22 14:47:26,099 | INFO | Cycle start
2026-04-22 14:47:26,242 | INFO | Regime: BULL
2026-04-22 14:47:26,296 | INFO | No option chain
2026-04-22 14:47:26,532 | INFO | Cycle start
2026-04-22 14:47:26,532 | INFO | Regime: BULL
2026-04-22 14:47:26,683 | INFO | No option chain
2026-04-22 14:47:27,420 | INFO | Cycle start
2026-04-22 14:47:28,402 | INFO | Regime: BULL
2026-04-22 14:47:28,406 | INFO | No option chain
2026-04-22 14:47:30,661 | INFO | Cycle start
2026-04-22 14:47:30,797 | INFO | Regime: BULL
2026-04-22 14:47:30,904 | INFO | No option chain
2026-04-22 14:47:34,958 | INFO | Cycle start
2026-04-22 14:47:34,974 | INFO | Regime: BULL
2026-04-22 14:47:35,101 | INFO | No option chain
2026-04-22 14:47:48,186 | INFO | Cycle start
2026-04-22 14:47:48,206 | INFO | Regime: BULL
2026-04-22 14:47:48,266 | INFO | No option chain
2026-04-22 14:47:52,178 | INFO | Cycle start
2026-04-22 14:47:52,309 | INFO | Cycle start
2026-04-22 14:47:52,343 | INFO | Regime: BULL
2026-04-22 14:47:52,351 | INFO | Regime: BULL
2026-04-22 14:47:52,480 | INFO | No option chain
2026-04-22 14:47:56,306 | INFO | Cycle start
2026-04-22 14:47:56,318 | INFO | Regime: BULL
2026-04-22 14:47:56,380 | INFO | No option chain
2026-04-22 14:47:56,689 | INFO | Cycle start
2026-04-22 14:47:56,943 | INFO | Regime: BULL
2026-04-22 14:47:57,060 | INFO | No option chain
2026-04-22 14:47:58,407 | INFO | Cycle start
2026-04-22 14:47:58,410 | INFO | Regime: BULL
2026-04-22 14:47:58,410 | INFO | No option chain
2026-04-22 14:48:00,914 | INFO | Cycle start
2026-04-22 14:48:01,884 | INFO | Regime: BULL
2026-04-22 14:48:01,942 | INFO | No option chain
2026-04-22 14:48:05,108 | INFO | Cycle start
2026-04-22 14:48:05,220 | INFO | Regime: BULL
2026-04-22 14:48:05,347 | INFO | No option chain
2026-04-22 14:48:18,273 | INFO | Cycle start
2026-04-22 14:48:18,535 | INFO | Regime: BULL
2026-04-22 14:48:18,586 | INFO | No option chain
2026-04-22 14:48:22,485 | INFO | Cycle start
2026-04-22 14:48:22,856 | INFO | Regime: BULL
2026-04-22 14:48:22,941 | INFO | Regime: BULL
2026-04-22 14:48:23,018 | INFO | No option chain
2026-04-22 14:48:23,099 | INFO | No option chain
2026-04-22 14:48:26,385 | INFO | Cycle start
2026-04-22 14:48:26,722 | INFO | Regime: BULL
2026-04-22 14:48:26,773 | INFO | No option chain
2026-04-22 14:48:27,066 | INFO | Cycle start
2026-04-22 14:48:27,079 | INFO | Regime: BULL
2026-04-22 14:48:27,203 | INFO | No option chain
2026-04-22 14:48:28,413 | INFO | Cycle start
2026-04-22 14:48:28,557 | INFO | Regime: BULL
2026-04-22 14:48:28,559 | INFO | No option chain
2026-04-22 14:48:31,946 | INFO | Cycle start
2026-04-22 14:48:31,966 | INFO | Regime: BULL
2026-04-22 14:48:32,023 | INFO | No option chain
2026-04-22 14:48:35,353 | INFO | Cycle start
2026-04-22 14:48:35,364 | INFO | Regime: BULL
2026-04-22 14:48:35,491 | INFO | No option chain
2026-04-22 14:48:48,594 | INFO | Cycle start
2026-04-22 14:48:48,616 | INFO | Regime: BULL
2026-04-22 14:48:48,673 | INFO | No option chain
2026-04-22 14:48:53,027 | INFO | Cycle start
2026-04-22 14:48:53,028 | INFO | Regime: BULL
2026-04-22 14:48:53,100 | INFO | Cycle start
2026-04-22 14:48:53,109 | INFO | Regime: BULL
2026-04-22 14:48:53,193 | INFO | No option chain
2026-04-22 14:48:53,237 | INFO | No option chain
2026-04-22 14:48:56,779 | INFO | Cycle start
2026-04-22 14:48:56,794 | INFO | Regime: BULL
2026-04-22 14:48:56,851 | INFO | No option chain
2026-04-22 14:48:57,217 | INFO | Cycle start
2026-04-22 14:48:57,510 | INFO | Regime: BULL
2026-04-22 14:48:57,641 | INFO | No option chain
2026-04-22 14:48:58,568 | INFO | Cycle start
2026-04-22 14:48:58,581 | INFO | Regime: BULL
2026-04-22 14:48:58,581 | INFO | No option chain
2026-04-22 14:49:02,024 | INFO | Cycle start
2026-04-22 14:49:02,297 | INFO | Regime: BULL
2026-04-22 14:49:02,357 | INFO | No option chain
2026-04-22 14:49:05,499 | INFO | Cycle start
2026-04-22 14:49:05,940 | INFO | Regime: BULL
2026-04-22 14:49:06,083 | INFO | No option chain
2026-04-22 14:49:18,687 | INFO | Cycle start
2026-04-22 14:49:18,945 | INFO | Regime: BULL
2026-04-22 14:49:19,013 | INFO | No option chain
2026-04-22 14:49:23,202 | INFO | Cycle start
2026-04-22 14:49:23,251 | INFO | Cycle start
2026-04-22 14:49:23,498 | INFO | Regime: BULL
2026-04-22 14:49:23,544 | INFO | Regime: BULL
2026-04-22 14:49:23,655 | INFO | No option chain
2026-04-22 14:49:23,669 | INFO | No option chain
2026-04-22 14:49:26,865 | INFO | Cycle start
2026-04-22 14:49:27,045 | INFO | Regime: BULL
2026-04-22 14:49:27,112 | INFO | No option chain
2026-04-22 14:49:27,643 | INFO | Cycle start
2026-04-22 14:49:27,650 | INFO | Regime: BULL
2026-04-22 14:49:27,802 | INFO | No option chain
2026-04-22 14:49:28,587 | INFO | Cycle start
2026-04-22 14:49:28,778 | INFO | Regime: BULL
2026-04-22 14:49:28,778 | INFO | No option chain
2026-04-22 14:49:32,358 | INFO | Cycle start
2026-04-22 14:49:32,369 | INFO | Regime: BULL
2026-04-22 14:49:32,432 | INFO | No option chain
2026-04-22 14:49:36,091 | INFO | Cycle start
2026-04-22 14:49:36,103 | INFO | Regime: BULL
2026-04-22 14:49:36,228 | INFO | No option chain
2026-04-22 14:49:49,026 | INFO | Cycle start
2026-04-22 14:49:49,031 | INFO | Regime: BULL
2026-04-22 14:49:49,105 | INFO | No option chain
2026-04-22 14:49:53,657 | INFO | Cycle start
2026-04-22 14:49:53,670 | INFO | Regime: BULL
2026-04-22 14:49:53,672 | INFO | Cycle start
2026-04-22 14:49:53,680 | INFO | Regime: BULL
2026-04-22 14:49:53,836 | INFO | No option chain
2026-04-22 14:49:53,876 | INFO | No option chain
2026-04-22 14:49:57,125 | INFO | Cycle start
2026-04-22 14:49:57,134 | INFO | Regime: BULL
2026-04-22 14:49:57,197 | INFO | No option chain
2026-04-22 14:49:57,806 | INFO | Cycle start
2026-04-22 14:49:58,544 | INFO | Regime: BULL
2026-04-22 14:49:58,695 | INFO | No option chain
2026-04-22 14:49:58,790 | INFO | Cycle start
2026-04-22 14:49:58,828 | INFO | Regime: BULL
2026-04-22 14:49:58,829 | INFO | No option chain
2026-04-22 14:50:02,436 | INFO | Cycle start
2026-04-22 14:50:02,730 | INFO | Regime: BULL
2026-04-22 14:50:02,791 | INFO | No option chain
2026-04-22 14:50:06,236 | INFO | Cycle start
2026-04-22 14:50:06,632 | INFO | Regime: BULL
2026-04-22 14:50:06,776 | INFO | No option chain
2026-04-22 14:50:19,107 | INFO | Cycle start
2026-04-22 14:50:20,276 | INFO | Regime: BULL
2026-04-22 14:50:20,341 | INFO | No option chain
2026-04-22 14:50:23,845 | INFO | Cycle start
2026-04-22 14:50:23,890 | INFO | Cycle start
2026-04-22 14:50:24,205 | INFO | Regime: BULL
2026-04-22 14:50:24,345 | INFO | No option chain
2026-04-22 14:50:24,486 | INFO | Regime: BULL
2026-04-22 14:50:24,603 | INFO | No option chain
2026-04-22 14:50:27,207 | INFO | Cycle start
2026-04-22 14:50:27,317 | INFO | Regime: BULL
2026-04-22 14:50:27,391 | INFO | No option chain
2026-04-22 14:50:28,699 | INFO | Cycle start
2026-04-22 14:50:28,720 | INFO | Regime: BULL
2026-04-22 14:50:28,830 | INFO | Cycle start
2026-04-22 14:50:28,851 | INFO | No option chain
2026-04-22 14:50:28,964 | INFO | Regime: BULL
2026-04-22 14:50:28,964 | INFO | No option chain
2026-04-22 14:50:32,803 | INFO | Cycle start
2026-04-22 14:50:32,812 | INFO | Regime: BULL
2026-04-22 14:50:32,883 | INFO | No option chain
2026-04-22 14:50:36,787 | INFO | Cycle start
2026-04-22 14:50:36,800 | INFO | Regime: BULL
2026-04-22 14:50:36,950 | INFO | No option chain
2026-04-22 14:50:50,353 | INFO | Cycle start
2026-04-22 14:50:50,355 | INFO | Regime: BULL
2026-04-22 14:50:50,418 | INFO | No option chain
2026-04-22 14:50:54,354 | INFO | Cycle start
2026-04-22 14:50:54,363 | INFO | Regime: BULL
2026-04-22 14:50:54,532 | INFO | No option chain
2026-04-22 14:50:54,604 | INFO | Cycle start
2026-04-22 14:50:54,610 | INFO | Regime: BULL
2026-04-22 14:50:54,736 | INFO | No option chain
2026-04-22 14:50:57,406 | INFO | Cycle start
2026-04-22 14:50:57,409 | INFO | Regime: BULL
2026-04-22 14:50:57,474 | INFO | No option chain
2026-04-22 14:50:58,857 | INFO | Cycle start
2026-04-22 14:50:58,972 | INFO | Cycle start
2026-04-22 14:50:58,977 | INFO | Regime: BULL
2026-04-22 14:50:58,979 | INFO | No option chain
2026-04-22 14:50:59,056 | INFO | Regime: BULL
2026-04-22 14:50:59,181 | INFO | No option chain
2026-04-22 14:51:02,885 | INFO | Cycle start
2026-04-22 14:51:03,304 | INFO | Regime: BULL
2026-04-22 14:51:03,360 | INFO | No option chain
2026-04-22 14:51:06,956 | INFO | Cycle start
2026-04-22 14:51:07,290 | INFO | Regime: BULL
2026-04-22 14:51:07,458 | INFO | No option chain
2026-04-22 14:51:20,424 | INFO | Cycle start
2026-04-22 14:51:21,270 | INFO | Regime: BULL
2026-04-22 14:51:21,328 | INFO | No option chain
2026-04-22 14:51:24,532 | INFO | Cycle start
2026-04-22 14:51:24,750 | INFO | Cycle start
2026-04-22 14:51:25,746 | INFO | Regime: BULL
2026-04-22 14:51:25,787 | INFO | Regime: BULL
2026-04-22 14:51:25,881 | INFO | No option chain
2026-04-22 14:51:25,903 | INFO | No option chain
2026-04-22 14:51:27,489 | INFO | Cycle start
2026-04-22 14:51:27,989 | INFO | Regime: BULL
2026-04-22 14:51:28,052 | INFO | No option chain
2026-04-22 14:51:28,995 | INFO | Cycle start
2026-04-22 14:51:29,111 | INFO | Regime: BULL
2026-04-22 14:51:29,111 | INFO | No option chain
2026-04-22 14:51:29,193 | INFO | Cycle start
2026-04-22 14:51:29,202 | INFO | Regime: BULL
2026-04-22 14:51:29,338 | INFO | No option chain
2026-04-22 14:51:33,361 | INFO | Cycle start
2026-04-22 14:51:33,373 | INFO | Regime: BULL
2026-04-22 14:51:33,427 | INFO | No option chain
2026-04-22 14:51:37,472 | INFO | Cycle start
2026-04-22 14:51:37,474 | INFO | Regime: BULL
2026-04-22 14:51:37,677 | INFO | No option chain
2026-04-22 14:51:51,340 | INFO | Cycle start
2026-04-22 14:51:51,348 | INFO | Regime: BULL
2026-04-22 14:51:51,419 | INFO | No option chain
2026-04-22 14:51:55,893 | INFO | Cycle start
2026-04-22 14:51:55,905 | INFO | Regime: BULL
2026-04-22 14:51:55,908 | INFO | Cycle start
2026-04-22 14:51:55,923 | INFO | Regime: BULL
2026-04-22 14:51:56,043 | INFO | No option chain
2026-04-22 14:51:56,068 | INFO | No option chain
2026-04-22 14:51:58,057 | INFO | Cycle start
2026-04-22 14:51:58,071 | INFO | Regime: BULL
2026-04-22 14:51:58,129 | INFO | No option chain
2026-04-22 14:51:59,121 | INFO | Cycle start
2026-04-22 14:51:59,130 | INFO | Regime: BULL
2026-04-22 14:51:59,130 | INFO | No option chain
2026-04-22 14:51:59,341 | INFO | Cycle start
2026-04-22 14:51:59,574 | INFO | Regime: BULL
2026-04-22 14:51:59,693 | INFO | No option chain
2026-04-22 14:52:03,432 | INFO | Cycle start
2026-04-22 14:52:03,672 | INFO | Regime: BULL
2026-04-22 14:52:03,725 | INFO | No option chain
2026-04-22 14:52:07,691 | INFO | Cycle start
2026-04-22 14:52:07,832 | INFO | Regime: BULL
2026-04-22 14:52:08,014 | INFO | No option chain
2026-04-22 14:52:21,423 | INFO | Cycle start
2026-04-22 14:52:21,619 | INFO | Regime: BULL
2026-04-22 14:52:21,671 | INFO | No option chain
2026-04-22 14:52:26,049 | INFO | Cycle start
2026-04-22 14:52:26,085 | INFO | Cycle start
2026-04-22 14:52:26,283 | INFO | Regime: BULL
2026-04-22 14:52:26,316 | INFO | Regime: BULL
2026-04-22 14:52:26,414 | INFO | No option chain
2026-04-22 14:52:26,447 | INFO | No option chain
2026-04-22 14:52:28,133 | INFO | Cycle start
2026-04-22 14:52:28,366 | INFO | Regime: BULL
2026-04-22 14:52:28,450 | INFO | No option chain
2026-04-22 14:52:29,134 | INFO | Cycle start
2026-04-22 14:52:29,465 | INFO | Regime: BULL
2026-04-22 14:52:29,466 | INFO | No option chain
2026-04-22 14:52:29,697 | INFO | Cycle start
2026-04-22 14:52:29,705 | INFO | Regime: BULL
2026-04-22 14:52:29,831 | INFO | No option chain
2026-04-22 14:52:33,739 | INFO | Cycle start
2026-04-22 14:52:33,760 | INFO | Regime: BULL
2026-04-22 14:52:33,840 | INFO | No option chain
2026-04-22 14:52:38,026 | INFO | Cycle start
2026-04-22 14:52:38,041 | INFO | Regime: BULL
2026-04-22 14:52:38,182 | INFO | No option chain
2026-04-22 14:52:51,684 | INFO | Cycle start
2026-04-22 14:52:51,693 | INFO | Regime: BULL
2026-04-22 14:52:51,748 | INFO | No option chain
2026-04-22 14:52:56,427 | INFO | Cycle start
2026-04-22 14:52:56,449 | INFO | Regime: BULL
2026-04-22 14:52:56,458 | INFO | Cycle start
2026-04-22 14:52:56,473 | INFO | Regime: BULL
2026-04-22 14:52:56,595 | INFO | No option chain
2026-04-22 14:52:56,612 | INFO | No option chain
2026-04-22 14:52:58,458 | INFO | Cycle start
2026-04-22 14:52:58,474 | INFO | Regime: BULL
2026-04-22 14:52:58,530 | INFO | No option chain
2026-04-22 14:52:59,474 | INFO | Cycle start
2026-04-22 14:52:59,487 | INFO | Regime: BULL
2026-04-22 14:52:59,489 | INFO | No option chain
2026-04-22 14:52:59,840 | INFO | Cycle start
2026-04-22 14:53:00,103 | INFO | Regime: BULL
2026-04-22 14:53:00,232 | INFO | No option chain
2026-04-22 14:53:03,855 | INFO | Cycle start
2026-04-22 14:53:04,080 | INFO | Regime: BULL
2026-04-22 14:53:04,156 | INFO | No option chain
2026-04-22 14:53:08,192 | INFO | Cycle start
2026-04-22 14:53:08,425 | INFO | Regime: BULL
2026-04-22 14:53:08,552 | INFO | No option chain
2026-04-22 14:53:21,755 | INFO | Cycle start
2026-04-22 14:53:22,127 | INFO | Regime: BULL
2026-04-22 14:53:22,189 | INFO | No option chain
2026-04-22 14:53:26,605 | INFO | Cycle start
2026-04-22 14:53:26,619 | INFO | Cycle start
2026-04-22 14:53:26,866 | INFO | Regime: BULL
2026-04-22 14:53:26,921 | INFO | Regime: BULL
2026-04-22 14:53:26,984 | INFO | No option chain
2026-04-22 14:53:27,040 | INFO | No option chain
2026-04-22 14:53:28,535 | INFO | Cycle start
2026-04-22 14:53:28,903 | INFO | Regime: BULL
2026-04-22 14:53:28,971 | INFO | No option chain
2026-04-22 14:53:29,499 | INFO | Cycle start
2026-04-22 14:53:29,639 | INFO | Regime: BULL
2026-04-22 14:53:29,639 | INFO | No option chain
2026-04-22 14:53:30,234 | INFO | Cycle start
2026-04-22 14:53:30,243 | INFO | Regime: BULL
2026-04-22 14:53:30,350 | INFO | No option chain
2026-04-22 14:53:34,162 | INFO | Cycle start
2026-04-22 14:53:34,179 | INFO | Regime: BULL
2026-04-22 14:53:34,239 | INFO | No option chain
2026-04-22 14:53:38,559 | INFO | Cycle start
2026-04-22 14:53:38,570 | INFO | Regime: BULL
2026-04-22 14:53:38,683 | INFO | No option chain
2026-04-22 14:53:52,196 | INFO | Cycle start
2026-04-22 14:53:52,214 | INFO | Regime: BULL
2026-04-22 14:53:52,280 | INFO | No option chain
2026-04-22 14:53:56,992 | INFO | Cycle start
2026-04-22 14:53:57,008 | INFO | Regime: BULL
2026-04-22 14:53:57,049 | INFO | Cycle start
2026-04-22 14:53:57,060 | INFO | Regime: BULL
2026-04-22 14:53:57,152 | INFO | No option chain
2026-04-22 14:53:57,190 | INFO | No option chain
2026-04-22 14:53:58,976 | INFO | Cycle start
2026-04-22 14:53:58,993 | INFO | Regime: BULL
2026-04-22 14:53:59,056 | INFO | No option chain
2026-04-22 14:53:59,643 | INFO | Cycle start
2026-04-22 14:53:59,654 | INFO | Regime: BULL
2026-04-22 14:53:59,655 | INFO | No option chain
2026-04-22 14:54:00,359 | INFO | Cycle start
2026-04-22 14:54:00,579 | INFO | Regime: BULL
2026-04-22 14:54:00,717 | INFO | No option chain
2026-04-22 14:54:04,254 | INFO | Cycle start
2026-04-22 14:54:04,988 | INFO | Regime: BULL
2026-04-22 14:54:05,049 | INFO | No option chain
2026-04-22 14:54:08,685 | INFO | Cycle start
2026-04-22 14:54:08,858 | INFO | Regime: BULL
2026-04-22 14:54:08,998 | INFO | No option chain
2026-04-22 14:54:22,289 | INFO | Cycle start
2026-04-22 14:54:22,572 | INFO | Regime: BULL
2026-04-22 14:54:22,632 | INFO | No option chain
2026-04-22 14:54:27,153 | INFO | Cycle start
2026-04-22 14:54:27,203 | INFO | Cycle start
2026-04-22 14:54:27,432 | INFO | Regime: BULL
2026-04-22 14:54:27,487 | INFO | Regime: BULL
2026-04-22 14:54:27,546 | INFO | No option chain
2026-04-22 14:54:27,605 | INFO | No option chain
2026-04-22 14:54:29,069 | INFO | Cycle start
2026-04-22 14:54:29,667 | INFO | Cycle start
2026-04-22 14:54:30,045 | INFO | Regime: BULL
2026-04-22 14:54:30,045 | INFO | No option chain
2026-04-22 14:54:30,656 | INFO | Regime: BULL
2026-04-22 14:54:30,727 | INFO | No option chain
2026-04-22 14:54:30,730 | INFO | Cycle start
2026-04-22 14:54:30,860 | INFO | Regime: BULL
2026-04-22 14:54:30,988 | INFO | No option chain
2026-04-22 14:54:35,051 | INFO | Cycle start
2026-04-22 14:54:35,065 | INFO | Regime: BULL
2026-04-22 14:54:35,124 | INFO | No option chain
2026-04-22 14:54:39,009 | INFO | Cycle start
2026-04-22 14:54:39,022 | INFO | Regime: BULL
2026-04-22 14:54:39,144 | INFO | No option chain
2026-04-22 14:54:52,633 | INFO | Cycle start
2026-04-22 14:54:52,689 | INFO | Regime: BULL
2026-04-22 14:54:52,780 | INFO | No option chain
2026-04-22 14:54:57,549 | INFO | Cycle start
2026-04-22 14:54:57,562 | INFO | Regime: BULL
2026-04-22 14:54:57,609 | INFO | Cycle start
2026-04-22 14:54:57,649 | INFO | Regime: BULL
2026-04-22 14:54:57,746 | INFO | No option chain
2026-04-22 14:54:57,815 | INFO | No option chain
2026-04-22 14:55:00,048 | INFO | Cycle start
2026-04-22 14:55:00,060 | INFO | Regime: BULL
2026-04-22 14:55:00,060 | INFO | No option chain
2026-04-22 14:55:00,742 | INFO | Cycle start
2026-04-22 14:55:00,752 | INFO | Regime: BULL
2026-04-22 14:55:00,809 | INFO | No option chain
2026-04-22 14:55:00,998 | INFO | Cycle start
2026-04-22 14:55:01,580 | INFO | Regime: BULL
2026-04-22 14:55:01,721 | INFO | No option chain
2026-04-22 14:55:05,137 | INFO | Cycle start
2026-04-22 14:55:05,661 | INFO | Regime: BULL
2026-04-22 14:55:05,730 | INFO | No option chain
2026-04-22 14:55:09,150 | INFO | Cycle start
2026-04-22 14:55:09,235 | INFO | Regime: BULL
2026-04-22 14:55:09,361 | INFO | No option chain
2026-04-22 14:55:22,788 | INFO | Cycle start
2026-04-22 14:55:23,082 | INFO | Regime: BULL
2026-04-22 14:55:23,154 | INFO | No option chain
2026-04-22 14:55:27,752 | INFO | Cycle start
2026-04-22 14:55:27,820 | INFO | Cycle start
2026-04-22 14:55:27,900 | INFO | Regime: BULL
2026-04-22 14:55:27,983 | INFO | Regime: BULL
2026-04-22 14:55:28,044 | INFO | No option chain
2026-04-22 14:55:28,129 | INFO | No option chain
2026-04-22 14:55:30,074 | INFO | Cycle start
2026-04-22 14:55:30,527 | INFO | Regime: BULL
2026-04-22 14:55:30,527 | INFO | No option chain
2026-04-22 14:55:30,813 | INFO | Cycle start
2026-04-22 14:55:30,948 | INFO | Regime: BULL
2026-04-22 14:55:31,009 | INFO | No option chain
2026-04-22 14:55:31,737 | INFO | Cycle start
2026-04-22 14:55:31,766 | INFO | Regime: BULL
2026-04-22 14:55:31,879 | INFO | No option chain
2026-04-22 14:55:35,740 | INFO | Cycle start
2026-04-22 14:55:35,753 | INFO | Regime: BULL
2026-04-22 14:55:35,806 | INFO | No option chain
2026-04-22 14:55:39,362 | INFO | Cycle start
2026-04-22 14:55:39,374 | INFO | Regime: BULL
2026-04-22 14:55:39,531 | INFO | No option chain
2026-04-22 14:55:53,165 | INFO | Cycle start
2026-04-22 14:55:53,170 | INFO | Regime: BULL
2026-04-22 14:55:53,248 | INFO | No option chain
2026-04-22 14:55:58,044 | INFO | Cycle start
2026-04-22 14:55:58,056 | INFO | Regime: BULL
2026-04-22 14:55:58,135 | INFO | Cycle start
2026-04-22 14:55:58,141 | INFO | Regime: BULL
2026-04-22 14:55:58,180 | INFO | No option chain
2026-04-22 14:55:58,274 | INFO | No option chain
2026-04-22 14:56:00,535 | INFO | Cycle start
2026-04-22 14:56:00,546 | INFO | Regime: BULL
2026-04-22 14:56:00,546 | INFO | No option chain
2026-04-22 14:56:01,023 | INFO | Cycle start
2026-04-22 14:56:01,036 | INFO | Regime: BULL
2026-04-22 14:56:01,144 | INFO | No option chain
2026-04-22 14:56:01,894 | INFO | Cycle start
2026-04-22 14:56:02,196 | INFO | Regime: BULL
2026-04-22 14:56:02,345 | INFO | No option chain
2026-04-22 14:56:05,808 | INFO | Cycle start
2026-04-22 14:56:06,737 | INFO | Regime: BULL
2026-04-22 14:56:06,801 | INFO | No option chain
2026-04-22 14:56:09,532 | INFO | Cycle start
2026-04-22 14:56:10,486 | INFO | Regime: BULL
2026-04-22 14:56:10,673 | INFO | No option chain
2026-04-22 14:56:23,250 | INFO | Cycle start
2026-04-22 14:56:23,563 | INFO | Regime: BULL
2026-04-22 14:56:23,630 | INFO | No option chain
2026-04-22 14:56:28,183 | INFO | Cycle start
2026-04-22 14:56:28,285 | INFO | Cycle start
2026-04-22 14:56:28,495 | INFO | Regime: BULL
2026-04-22 14:56:28,616 | INFO | No option chain
2026-04-22 14:56:29,171 | INFO | Regime: BULL
2026-04-22 14:56:29,315 | INFO | No option chain
2026-04-22 14:56:30,552 | INFO | Cycle start
2026-04-22 14:56:30,658 | INFO | Regime: BULL
2026-04-22 14:56:30,658 | INFO | No option chain
2026-04-22 14:56:31,147 | INFO | Cycle start
2026-04-22 14:56:31,261 | INFO | Regime: BULL
2026-04-22 14:56:31,320 | INFO | No option chain
2026-04-22 14:56:32,346 | INFO | Cycle start
2026-04-22 14:56:32,353 | INFO | Regime: BULL
2026-04-22 14:56:32,476 | INFO | No option chain
2026-04-22 14:56:36,815 | INFO | Cycle start
2026-04-22 14:56:36,826 | INFO | Regime: BULL
2026-04-22 14:56:36,892 | INFO | No option chain
2026-04-22 14:56:40,680 | INFO | Cycle start
2026-04-22 14:56:40,693 | INFO | Regime: BULL
2026-04-22 14:56:40,819 | INFO | No option chain
2026-04-22 14:56:53,644 | INFO | Cycle start
2026-04-22 14:56:53,652 | INFO | Regime: BULL
2026-04-22 14:56:53,709 | INFO | No option chain
2026-04-22 14:56:58,629 | INFO | Cycle start
2026-04-22 14:56:58,654 | INFO | Regime: BULL
2026-04-22 14:56:58,786 | INFO | No option chain
2026-04-22 14:56:59,330 | INFO | Cycle start
2026-04-22 14:56:59,362 | INFO | Regime: BULL
2026-04-22 14:56:59,476 | INFO | No option chain
2026-04-22 14:57:00,665 | INFO | Cycle start
2026-04-22 14:57:00,671 | INFO | Regime: BULL
2026-04-22 14:57:00,677 | INFO | No option chain
2026-04-22 14:57:01,324 | INFO | Cycle start
2026-04-22 14:57:01,327 | INFO | Regime: BULL
2026-04-22 14:57:01,405 | INFO | No option chain
2026-04-22 14:57:02,485 | INFO | Cycle start
2026-04-22 14:57:02,734 | INFO | Regime: BULL
2026-04-22 14:57:02,851 | INFO | No option chain
2026-04-22 14:57:06,900 | INFO | Cycle start
2026-04-22 14:57:07,169 | INFO | Regime: BULL
2026-04-22 14:57:07,225 | INFO | No option chain
2026-04-22 14:57:10,821 | INFO | Cycle start
2026-04-22 14:57:10,926 | INFO | Regime: BULL
2026-04-22 14:57:11,081 | INFO | No option chain
2026-04-22 14:57:23,711 | INFO | Cycle start
2026-04-22 14:57:23,984 | INFO | Regime: BULL
2026-04-22 14:57:24,065 | INFO | No option chain
2026-04-22 14:57:28,790 | INFO | Cycle start
2026-04-22 14:57:28,923 | INFO | Regime: BULL
2026-04-22 14:57:29,057 | INFO | No option chain
2026-04-22 14:57:29,490 | INFO | Cycle start
2026-04-22 14:57:29,611 | INFO | Regime: BULL
2026-04-22 14:57:29,721 | INFO | No option chain
2026-04-22 14:57:30,688 | INFO | Cycle start
2026-04-22 14:57:30,945 | INFO | Regime: BULL
2026-04-22 14:57:30,945 | INFO | No option chain
2026-04-22 14:57:31,419 | INFO | Cycle start
2026-04-22 14:57:31,520 | INFO | Regime: BULL
2026-04-22 14:57:31,578 | INFO | No option chain
2026-04-22 14:57:32,853 | INFO | Cycle start
2026-04-22 14:57:32,872 | INFO | Regime: BULL
2026-04-22 14:57:33,005 | INFO | No option chain
2026-04-22 14:57:37,232 | INFO | Cycle start
2026-04-22 14:57:37,234 | INFO | Regime: BULL
2026-04-22 14:57:37,304 | INFO | No option chain
2026-04-22 14:57:41,086 | INFO | Cycle start
2026-04-22 14:57:41,099 | INFO | Regime: BULL
2026-04-22 14:57:41,255 | INFO | No option chain
2026-04-22 14:57:54,080 | INFO | Cycle start
2026-04-22 14:57:54,099 | INFO | Regime: BULL
2026-04-22 14:57:54,159 | INFO | No option chain
2026-04-22 14:57:59,058 | INFO | Cycle start
2026-04-22 14:57:59,072 | INFO | Regime: BULL
2026-04-22 14:57:59,208 | INFO | No option chain
2026-04-22 14:57:59,727 | INFO | Cycle start
2026-04-22 14:57:59,736 | INFO | Regime: BULL
2026-04-22 14:57:59,902 | INFO | No option chain
2026-04-22 14:58:00,953 | INFO | Cycle start
2026-04-22 14:58:00,966 | INFO | Regime: BULL
2026-04-22 14:58:00,969 | INFO | No option chain
2026-04-22 14:58:01,586 | INFO | Cycle start
2026-04-22 14:58:01,607 | INFO | Regime: BULL
2026-04-22 14:58:01,663 | INFO | No option chain
2026-04-22 14:58:03,011 | INFO | Cycle start
2026-04-22 14:58:03,288 | INFO | Regime: BULL
2026-04-22 14:58:03,422 | INFO | No option chain
2026-04-22 14:58:07,309 | INFO | Cycle start
2026-04-22 14:58:07,576 | INFO | Regime: BULL
2026-04-22 14:58:07,643 | INFO | No option chain
2026-04-22 14:58:11,269 | INFO | Cycle start
2026-04-22 14:58:11,418 | INFO | Regime: BULL
2026-04-22 14:58:11,551 | INFO | No option chain
2026-04-22 14:58:24,160 | INFO | Cycle start
2026-04-22 14:58:24,382 | INFO | Regime: BULL
2026-04-22 14:58:24,436 | INFO | No option chain
2026-04-22 14:58:29,212 | INFO | Cycle start
2026-04-22 14:58:29,321 | INFO | Regime: BULL
2026-04-22 14:58:29,505 | INFO | No option chain
2026-04-22 14:58:29,914 | INFO | Cycle start
2026-04-22 14:58:30,059 | INFO | Regime: BULL
2026-04-22 14:58:30,204 | INFO | No option chain
2026-04-22 14:58:30,975 | INFO | Cycle start
2026-04-22 14:58:31,183 | INFO | Regime: BULL
2026-04-22 14:58:31,198 | INFO | No option chain
2026-04-22 14:58:31,670 | INFO | Cycle start
2026-04-22 14:58:31,888 | INFO | Regime: BULL
2026-04-22 14:58:31,959 | INFO | No option chain
2026-04-22 14:58:33,422 | INFO | Cycle start
2026-04-22 14:58:33,432 | INFO | Regime: BULL
2026-04-22 14:58:33,585 | INFO | No option chain
2026-04-22 14:58:37,658 | INFO | Cycle start
2026-04-22 14:58:37,667 | INFO | Regime: BULL
2026-04-22 14:58:37,779 | INFO | No option chain
2026-04-22 14:58:41,555 | INFO | Cycle start
2026-04-22 14:58:41,575 | INFO | Regime: BULL
2026-04-22 14:58:41,690 | INFO | No option chain
2026-04-22 14:58:54,438 | INFO | Cycle start
2026-04-22 14:58:54,438 | INFO | Regime: BULL
2026-04-22 14:58:54,517 | INFO | No option chain
2026-04-22 14:58:59,509 | INFO | Cycle start
2026-04-22 14:58:59,538 | INFO | Regime: BULL
2026-04-22 14:58:59,671 | INFO | No option chain
2026-04-22 14:59:00,216 | INFO | Cycle start
2026-04-22 14:59:00,222 | INFO | Regime: BULL
2026-04-22 14:59:00,369 | INFO | No option chain
2026-04-22 14:59:01,202 | INFO | Cycle start
2026-04-22 14:59:01,211 | INFO | Regime: BULL
2026-04-22 14:59:01,216 | INFO | No option chain
2026-04-22 14:59:01,971 | INFO | Cycle start
2026-04-22 14:59:01,981 | INFO | Regime: BULL
2026-04-22 14:59:02,034 | INFO | No option chain
2026-04-22 14:59:03,591 | INFO | Cycle start
2026-04-22 14:59:04,153 | INFO | Regime: BULL
2026-04-22 14:59:04,273 | INFO | No option chain
2026-04-22 14:59:07,785 | INFO | Cycle start
2026-04-22 14:59:08,376 | INFO | Regime: BULL
2026-04-22 14:59:08,429 | INFO | No option chain
2026-04-22 14:59:11,699 | INFO | Cycle start
2026-04-22 14:59:11,808 | INFO | Regime: BULL
2026-04-22 14:59:11,963 | INFO | No option chain
2026-04-22 14:59:24,518 | INFO | Cycle start
2026-04-22 14:59:25,338 | INFO | Regime: BULL
2026-04-22 14:59:25,389 | INFO | No option chain
2026-04-22 14:59:29,684 | INFO | Cycle start
2026-04-22 14:59:29,868 | INFO | Regime: BULL
2026-04-22 14:59:30,005 | INFO | No option chain
2026-04-22 14:59:30,375 | INFO | Cycle start
2026-04-22 14:59:30,487 | INFO | Regime: BULL
2026-04-22 14:59:30,610 | INFO | No option chain
2026-04-22 14:59:31,225 | INFO | Cycle start
2026-04-22 14:59:31,358 | INFO | Regime: BULL
2026-04-22 14:59:31,358 | INFO | No option chain
2026-04-22 14:59:32,036 | INFO | Cycle start
2026-04-22 14:59:32,122 | INFO | Regime: BULL
2026-04-22 14:59:32,199 | INFO | No option chain
2026-04-22 14:59:34,280 | INFO | Cycle start
2026-04-22 14:59:34,291 | INFO | Regime: BULL
2026-04-22 14:59:34,415 | INFO | No option chain
2026-04-22 14:59:38,430 | INFO | Cycle start
2026-04-22 14:59:38,437 | INFO | Regime: BULL
2026-04-22 14:59:38,506 | INFO | No option chain
2026-04-22 14:59:41,972 | INFO | Cycle start
2026-04-22 14:59:41,990 | INFO | Regime: BULL
2026-04-22 14:59:42,113 | INFO | No option chain
2026-04-22 14:59:55,399 | INFO | Cycle start
2026-04-22 14:59:55,413 | INFO | Regime: BULL
2026-04-22 14:59:55,491 | INFO | No option chain
2026-04-22 15:00:00,019 | INFO | Cycle start
2026-04-22 15:00:00,034 | INFO | Regime: BULL
2026-04-22 15:00:00,176 | INFO | No option chain
2026-04-22 15:00:00,615 | INFO | Cycle start
2026-04-22 15:00:00,627 | INFO | Regime: BULL
2026-04-22 15:00:00,777 | INFO | No option chain
2026-04-22 15:00:01,372 | INFO | Cycle start
2026-04-22 15:00:01,382 | INFO | Regime: BULL
2026-04-22 15:00:01,382 | INFO | No option chain
2026-04-22 15:00:02,203 | INFO | Cycle start
2026-04-22 15:00:02,217 | INFO | Regime: BULL
2026-04-22 15:00:02,289 | INFO | No option chain
2026-04-22 15:00:04,427 | INFO | Cycle start
2026-04-22 15:00:05,686 | INFO | Regime: BULL
2026-04-22 15:00:05,810 | INFO | No option chain
2026-04-22 15:00:08,513 | INFO | Cycle start
2026-04-22 15:00:09,298 | INFO | Regime: BULL
2026-04-22 15:00:09,362 | INFO | No option chain
2026-04-22 15:00:12,114 | INFO | Cycle start
2026-04-22 15:00:12,217 | INFO | Regime: BULL
2026-04-22 15:00:12,366 | INFO | No option chain
2026-04-22 15:00:25,497 | INFO | Cycle start
2026-04-22 15:00:25,780 | INFO | Regime: BULL
2026-04-22 15:00:25,838 | INFO | No option chain
2026-04-22 15:00:30,180 | INFO | Cycle start
2026-04-22 15:00:30,538 | INFO | Regime: BULL
2026-04-22 15:00:30,677 | INFO | No option chain
2026-04-22 15:00:30,786 | INFO | Cycle start
2026-04-22 15:00:31,049 | INFO | Regime: BULL
2026-04-22 15:00:31,172 | INFO | No option chain
2026-04-22 15:00:31,386 | INFO | Cycle start
2026-04-22 15:00:31,667 | INFO | Regime: BULL
2026-04-22 15:00:31,680 | INFO | No option chain
2026-04-22 15:00:32,298 | INFO | Cycle start
2026-04-22 15:00:32,507 | INFO | Regime: BULL
2026-04-22 15:00:32,604 | INFO | No option chain
2026-04-22 15:00:35,816 | INFO | Cycle start
2026-04-22 15:00:35,818 | INFO | Regime: BULL
2026-04-22 15:00:35,963 | INFO | No option chain
2026-04-22 15:00:39,378 | INFO | Cycle start
2026-04-22 15:00:39,387 | INFO | Regime: BULL
2026-04-22 15:00:39,460 | INFO | No option chain
2026-04-22 15:00:42,367 | INFO | Cycle start
2026-04-22 15:00:42,378 | INFO | Regime: BULL
2026-04-22 15:00:42,513 | INFO | No option chain
2026-04-22 15:00:55,841 | INFO | Cycle start
2026-04-22 15:00:55,846 | INFO | Regime: BULL
2026-04-22 15:00:55,922 | INFO | No option chain
2026-04-22 15:01:00,685 | INFO | Cycle start
2026-04-22 15:01:00,707 | INFO | Regime: BULL
2026-04-22 15:01:00,844 | INFO | No option chain
2026-04-22 15:01:01,185 | INFO | Cycle start
2026-04-22 15:01:01,247 | INFO | Regime: BULL
2026-04-22 15:01:01,398 | INFO | No option chain
2026-04-22 15:01:01,701 | INFO | Cycle start
2026-04-22 15:01:01,716 | INFO | Regime: BULL
2026-04-22 15:01:01,716 | INFO | No option chain
2026-04-22 15:01:02,610 | INFO | Cycle start
2026-04-22 15:01:02,622 | INFO | Regime: BULL
2026-04-22 15:01:02,686 | INFO | No option chain
2026-04-22 15:01:05,966 | INFO | Cycle start
2026-04-22 15:01:06,182 | INFO | Regime: BULL
2026-04-22 15:01:06,338 | INFO | No option chain
2026-04-22 15:01:09,472 | INFO | Cycle start
2026-04-22 15:01:09,706 | INFO | Regime: BULL
2026-04-22 15:01:09,766 | INFO | No option chain
2026-04-22 15:01:12,516 | INFO | Cycle start
2026-04-22 15:01:12,724 | INFO | Regime: BULL
2026-04-22 15:01:12,856 | INFO | No option chain
2026-04-22 15:01:25,923 | INFO | Cycle start
2026-04-22 15:01:26,245 | INFO | Regime: BULL
2026-04-22 15:01:26,305 | INFO | No option chain
2026-04-22 15:01:30,846 | INFO | Cycle start
2026-04-22 15:01:30,962 | INFO | Regime: BULL
2026-04-22 15:01:31,410 | INFO | Cycle start
2026-04-22 15:01:31,594 | INFO | Regime: BULL
2026-04-22 15:01:31,718 | INFO | Cycle start
2026-04-22 15:01:31,815 | INFO | Regime: BULL
2026-04-22 15:01:31,815 | INFO | No option chain
2026-04-22 15:01:32,693 | INFO | Cycle start
2026-04-22 15:01:32,802 | INFO | Regime: BULL
2026-04-22 15:01:32,893 | INFO | No option chain
2026-04-22 15:01:36,353 | INFO | Cycle start
2026-04-22 15:01:36,361 | INFO | Regime: BULL
2026-04-22 15:01:36,844 | INFO | Spot: None
2026-04-22 15:01:36,845 | INFO | MTM PnL: 0
2026-04-22 15:01:36,845 | INFO | PnL Summary: {'realized': 0, 'unrealized': 0, 'total': 0, 'open_positions': 0}
2026-04-22 15:01:36,845 | ERROR | Error in cycle
2026-04-22 15:01:39,766 | INFO | Cycle start
2026-04-22 15:01:39,766 | INFO | Regime: BULL
2026-04-22 15:01:39,844 | INFO | No option chain
2026-04-22 15:01:42,857 | INFO | Cycle start
2026-04-22 15:01:42,870 | INFO | Regime: BULL
2026-04-22 15:01:43,242 | INFO | Spot: None
2026-04-22 15:01:43,242 | INFO | MTM PnL: 0
2026-04-22 15:01:43,242 | INFO | PnL Summary: {'realized': 0, 'unrealized': 0, 'total': 0, 'open_positions': 0}
2026-04-22 15:01:43,244 | ERROR | Error in cycle
2026-04-22 15:01:56,307 | INFO | Cycle start
2026-04-22 15:01:56,319 | INFO | Regime: BULL
2026-04-22 15:01:56,388 | INFO | No option chain
2026-04-22 15:02:01,819 | INFO | Cycle start
2026-04-22 15:02:01,832 | INFO | Regime: BULL
2026-04-22 15:02:01,832 | INFO | No option chain
2026-04-22 15:02:02,898 | INFO | Cycle start
2026-04-22 15:02:02,908 | INFO | Regime: BULL
2026-04-22 15:02:02,986 | INFO | No option chain
2026-04-22 15:02:06,864 | INFO | Cycle start
2026-04-22 15:02:08,179 | INFO | Regime: BULL
2026-04-22 15:02:08,657 | INFO | Spot: None
2026-04-22 15:02:08,657 | INFO | MTM PnL: 0
2026-04-22 15:02:08,657 | INFO | PnL Summary: {'realized': 0, 'unrealized': 0, 'total': 0, 'open_positions': 0}
2026-04-22 15:02:08,657 | ERROR | Error in cycle
2026-04-22 15:02:09,848 | INFO | Cycle start
2026-04-22 15:02:09,942 | INFO | Regime: BULL
2026-04-22 15:02:10,020 | INFO | No option chain
2026-04-22 15:02:13,252 | INFO | Cycle start
2026-04-22 15:02:13,424 | INFO | Regime: BULL
2026-04-22 15:02:13,775 | INFO | Spot: None
2026-04-22 15:02:13,775 | INFO | MTM PnL: 0
2026-04-22 15:02:13,775 | INFO | PnL Summary: {'realized': 0, 'unrealized': 0, 'total': 0, 'open_positions': 0}
2026-04-22 15:02:13,775 | ERROR | Error in cycle
2026-04-22 15:02:26,391 | INFO | Cycle start
2026-04-22 15:02:26,760 | INFO | Regime: BULL
2026-04-22 15:02:26,833 | INFO | No option chain
2026-04-22 15:02:31,862 | INFO | Cycle start
2026-04-22 15:02:32,643 | INFO | Regime: BULL
2026-04-22 15:02:32,643 | INFO | No option chain
2026-04-22 15:02:33,002 | INFO | Cycle start
2026-04-22 15:02:33,257 | INFO | Regime: BULL
2026-04-22 15:02:33,308 | INFO | No option chain
2026-04-22 15:02:38,663 | INFO | Cycle start
2026-04-22 15:02:38,677 | INFO | Regime: BULL
2026-04-22 15:02:39,245 | INFO | Spot: None
2026-04-22 15:02:39,246 | INFO | MTM PnL: 0
2026-04-22 15:02:39,246 | INFO | PnL Summary: {'realized': 0, 'unrealized': 0, 'total': 0, 'open_positions': 0}
2026-04-22 15:02:39,247 | ERROR | Error in cycle
2026-04-22 15:02:40,029 | INFO | Cycle start
2026-04-22 15:02:40,047 | INFO | Regime: BULL
2026-04-22 15:02:40,110 | INFO | No option chain
2026-04-22 15:02:43,780 | INFO | Cycle start
2026-04-22 15:02:43,781 | INFO | Regime: BULL
2026-04-22 15:02:44,289 | INFO | Spot: None
2026-04-22 15:02:44,289 | INFO | MTM PnL: 0
2026-04-22 15:02:44,290 | INFO | PnL Summary: {'realized': 0, 'unrealized': 0, 'total': 0, 'open_positions': 0}
2026-04-22 15:02:44,290 | ERROR | Error in cycle
2026-04-22 15:02:56,838 | INFO | Cycle start
2026-04-22 15:02:56,857 | INFO | Regime: BULL
2026-04-22 15:02:56,909 | INFO | No option chain
2026-04-22 15:03:02,650 | INFO | Cycle start
2026-04-22 15:03:02,664 | INFO | Regime: BULL
2026-04-22 15:03:02,666 | INFO | No option chain
2026-04-22 15:03:03,312 | INFO | Cycle start
2026-04-22 15:03:03,312 | INFO | Regime: BULL
2026-04-22 15:03:03,373 | INFO | No option chain
2026-04-22 15:03:09,263 | INFO | Cycle start
2026-04-22 15:03:10,114 | INFO | Cycle start
2026-04-22 15:03:10,605 | INFO | Regime: BULL
2026-04-22 15:03:10,668 | INFO | No option chain
2026-04-22 15:03:11,142 | INFO | Regime: BULL
2026-04-22 15:03:11,779 | INFO | Spot: None
2026-04-22 15:03:11,779 | INFO | MTM PnL: 0
2026-04-22 15:03:11,779 | INFO | PnL Summary: {'realized': 0, 'unrealized': 0, 'total': 0, 'open_positions': 0}
2026-04-22 15:03:11,781 | ERROR | Error in cycle
2026-04-22 15:03:14,308 | INFO | Cycle start
2026-04-22 15:03:14,455 | INFO | Regime: BULL
2026-04-22 15:03:14,817 | INFO | Spot: None
2026-04-22 15:03:14,818 | INFO | MTM PnL: 0
2026-04-22 15:03:14,820 | INFO | PnL Summary: {'realized': 0, 'unrealized': 0, 'total': 0, 'open_positions': 0}
2026-04-22 15:03:14,821 | ERROR | Error in cycle
2026-04-22 15:03:26,918 | INFO | Cycle start
2026-04-22 15:03:27,202 | INFO | Regime: BULL
2026-04-22 15:03:27,268 | INFO | No option chain
2026-04-22 15:03:32,676 | INFO | Cycle start
2026-04-22 15:03:32,941 | INFO | Regime: BULL
2026-04-22 15:03:32,954 | INFO | No option chain
2026-04-22 15:03:33,379 | INFO | Cycle start
2026-04-22 15:03:33,547 | INFO | Regime: BULL
2026-04-22 15:03:33,606 | INFO | No option chain
2026-04-22 15:03:40,678 | INFO | Cycle start
2026-04-22 15:03:40,691 | INFO | Regime: BULL
2026-04-22 15:03:40,795 | INFO | No option chain
2026-04-22 15:03:41,787 | INFO | Cycle start
2026-04-22 15:03:41,794 | INFO | Regime: BULL
2026-04-22 15:03:42,393 | INFO | Spot: None
2026-04-22 15:03:42,393 | INFO | MTM PnL: 0
2026-04-22 15:03:42,396 | INFO | PnL Summary: {'realized': 0, 'unrealized': 0, 'total': 0, 'open_positions': 0}
2026-04-22 15:03:42,396 | ERROR | Error in cycle
2026-04-22 15:03:44,840 | INFO | Cycle start
2026-04-22 15:03:44,853 | INFO | Regime: BULL
2026-04-22 15:03:45,289 | INFO | Spot: None
2026-04-22 15:03:45,289 | INFO | MTM PnL: 0
2026-04-22 15:03:45,289 | INFO | PnL Summary: {'realized': 0, 'unrealized': 0, 'total': 0, 'open_positions': 0}
2026-04-22 15:03:45,289 | ERROR | Error in cycle
2026-04-22 15:03:57,280 | INFO | Cycle start
2026-04-22 15:03:57,296 | INFO | Regime: BULL
2026-04-22 15:03:57,379 | INFO | No option chain
2026-04-22 15:04:02,966 | INFO | Cycle start
2026-04-22 15:04:02,973 | INFO | Regime: BULL
2026-04-22 15:04:02,973 | INFO | No option chain
2026-04-22 15:04:03,623 | INFO | Cycle start
2026-04-22 15:04:03,635 | INFO | Regime: BULL
2026-04-22 15:04:03,688 | INFO | No option chain
2026-04-22 15:04:10,800 | INFO | Cycle start
2026-04-22 15:04:11,798 | INFO | Regime: BULL
2026-04-22 15:04:11,864 | INFO | No option chain
2026-04-22 15:04:12,400 | INFO | Cycle start
2026-04-22 15:04:12,526 | INFO | Regime: BULL
2026-04-22 15:04:13,042 | INFO | Spot: None
2026-04-22 15:04:13,042 | INFO | MTM PnL: 0
2026-04-22 15:04:13,042 | INFO | PnL Summary: {'realized': 0, 'unrealized': 0, 'total': 0, 'open_positions': 0}
2026-04-22 15:04:13,042 | ERROR | Error in cycle
2026-04-22 15:04:15,307 | INFO | Cycle start
2026-04-22 15:04:15,784 | INFO | Regime: BULL
2026-04-22 15:04:16,695 | INFO | Spot: None
2026-04-22 15:04:16,695 | INFO | MTM PnL: 0
2026-04-22 15:04:16,695 | INFO | PnL Summary: {'realized': 0, 'unrealized': 0, 'total': 0, 'open_positions': 0}
2026-04-22 15:04:16,695 | ERROR | Error in cycle
2026-04-22 15:04:21,913 | INFO | Spot: None
2026-04-22 15:04:21,913 | INFO | MTM PnL: 0
2026-04-22 15:04:21,915 | INFO | PnL Summary: {'realized': 0, 'unrealized': 0, 'total': 0, 'open_positions': 0}
2026-04-22 15:04:21,917 | ERROR | Error in cycle
2026-04-22 15:04:22,009 | INFO | Spot: None
2026-04-22 15:04:22,009 | INFO | MTM PnL: 0
2026-04-22 15:04:22,009 | INFO | PnL Summary: {'realized': 0, 'unrealized': 0, 'total': 0, 'open_positions': 0}
2026-04-22 15:04:22,009 | ERROR | Error in cycle
2026-04-22 15:04:27,392 | INFO | Cycle start
2026-04-22 15:04:27,610 | INFO | Regime: BULL
2026-04-22 15:04:27,677 | INFO | No option chain
2026-04-22 15:04:32,981 | INFO | Cycle start
2026-04-22 15:04:33,309 | INFO | Regime: BULL
2026-04-22 15:04:33,309 | INFO | No option chain
2026-04-22 15:04:33,690 | INFO | Cycle start
2026-04-22 15:04:34,961 | INFO | Regime: BULL
2026-04-22 15:04:35,019 | INFO | No option chain
2026-04-22 15:04:41,879 | INFO | Cycle start
2026-04-22 15:04:41,908 | INFO | Regime: BULL
2026-04-22 15:04:41,973 | INFO | No option chain
2026-04-22 15:04:43,055 | INFO | Cycle start
2026-04-22 15:04:43,070 | INFO | Regime: BULL
2026-04-22 15:04:43,131 | INFO | No option chain
2026-04-22 15:04:46,720 | INFO | Cycle start
2026-04-22 15:04:46,748 | INFO | Regime: BULL
2026-04-22 15:04:46,828 | INFO | No option chain
2026-04-22 15:04:51,953 | INFO | Cycle start
2026-04-22 15:04:52,024 | INFO | Cycle start
2026-04-22 15:04:52,424 | INFO | Regime: BULL
2026-04-22 15:04:52,440 | INFO | Regime: BULL
2026-04-22 15:04:52,481 | INFO | No option chain
2026-04-22 15:04:52,501 | INFO | No option chain
2026-04-22 15:04:57,677 | INFO | Cycle start
2026-04-22 15:04:57,685 | INFO | Regime: BULL
2026-04-22 15:04:57,752 | INFO | No option chain
2026-04-22 15:05:03,311 | INFO | Cycle start
2026-04-22 15:05:03,333 | INFO | Regime: BULL
2026-04-22 15:05:03,351 | INFO | No option chain
2026-04-22 15:05:05,025 | INFO | Cycle start
2026-04-22 15:05:05,038 | INFO | Regime: BULL
2026-04-22 15:05:05,101 | INFO | No option chain
2026-04-22 15:05:11,973 | INFO | Cycle start
2026-04-22 15:05:12,212 | INFO | Regime: BULL
2026-04-22 15:05:12,284 | INFO | No option chain
2026-04-22 15:05:13,139 | INFO | Cycle start
2026-04-22 15:05:13,534 | INFO | Regime: BULL
2026-04-22 15:05:13,603 | INFO | No option chain
2026-04-22 15:05:16,840 | INFO | Cycle start
2026-04-22 15:05:17,043 | INFO | Regime: BULL
2026-04-22 15:05:17,109 | INFO | No option chain
2026-04-22 15:05:22,496 | INFO | Cycle start
2026-04-22 15:05:22,496 | INFO | Regime: BULL
2026-04-22 15:05:22,511 | INFO | Cycle start
2026-04-22 15:05:22,523 | INFO | Regime: BULL
2026-04-22 15:05:22,569 | INFO | No option chain
2026-04-22 15:05:22,610 | INFO | No option chain
2026-04-22 15:05:27,765 | INFO | Cycle start
2026-04-22 15:05:27,979 | INFO | Regime: BULL
2026-04-22 15:05:28,091 | INFO | No option chain
2026-04-22 15:05:33,365 | INFO | Cycle start
2026-04-22 15:05:33,561 | INFO | Regime: BULL
2026-04-22 15:05:33,561 | INFO | No option chain
2026-04-22 15:05:35,103 | INFO | Cycle start
2026-04-22 15:05:35,248 | INFO | Regime: BULL
2026-04-22 15:05:35,323 | INFO | No option chain
2026-04-22 15:05:42,296 | INFO | Cycle start
2026-04-22 15:05:42,356 | INFO | Regime: BULL
2026-04-22 15:05:42,427 | INFO | No option chain
2026-04-22 15:05:43,604 | INFO | Cycle start
2026-04-22 15:05:43,609 | INFO | Regime: BULL
2026-04-22 15:05:43,701 | INFO | No option chain
2026-04-22 15:05:47,110 | INFO | Cycle start
2026-04-22 15:05:47,124 | INFO | Regime: BULL
2026-04-22 15:05:47,207 | INFO | No option chain
2026-04-22 15:05:52,572 | INFO | Cycle start
2026-04-22 15:05:52,618 | INFO | Cycle start
2026-04-22 15:05:52,781 | INFO | Regime: BULL
2026-04-22 15:05:52,840 | INFO | No option chain
2026-04-22 15:05:52,872 | INFO | Regime: BULL
2026-04-22 15:05:52,928 | INFO | No option chain
2026-04-22 15:05:58,096 | INFO | Cycle start
2026-04-22 15:05:58,109 | INFO | Regime: BULL
2026-04-22 15:05:58,203 | INFO | No option chain
2026-04-22 15:06:03,563 | INFO | Cycle start
2026-04-22 15:06:03,573 | INFO | Regime: BULL
2026-04-22 15:06:03,574 | INFO | No option chain
2026-04-22 15:06:05,328 | INFO | Cycle start
2026-04-22 15:06:05,343 | INFO | Regime: BULL
2026-04-22 15:06:05,404 | INFO | No option chain
2026-04-22 15:06:12,437 | INFO | Cycle start
2026-04-22 15:06:12,743 | INFO | Regime: BULL
2026-04-22 15:06:12,799 | INFO | No option chain
2026-04-22 15:06:13,709 | INFO | Cycle start
2026-04-22 15:06:13,960 | INFO | Regime: BULL
2026-04-22 15:06:14,016 | INFO | No option chain
2026-04-22 15:06:17,218 | INFO | Cycle start
2026-04-22 15:06:17,495 | INFO | Regime: BULL
2026-04-22 15:06:17,576 | INFO | No option chain
2026-04-22 15:06:22,840 | INFO | Cycle start
2026-04-22 15:06:22,848 | INFO | Regime: BULL
2026-04-22 15:06:22,916 | INFO | No option chain
2026-04-22 15:06:22,930 | INFO | Cycle start
2026-04-22 15:06:22,940 | INFO | Regime: BULL
2026-04-22 15:06:23,030 | INFO | No option chain
2026-04-22 15:06:28,207 | INFO | Cycle start
2026-04-22 15:06:28,464 | INFO | Regime: BULL
2026-04-22 15:06:28,537 | INFO | No option chain
2026-04-22 15:06:33,585 | INFO | Cycle start
2026-04-22 15:06:33,904 | INFO | Regime: BULL
2026-04-22 15:06:33,904 | INFO | No option chain
2026-04-22 15:06:35,413 | INFO | Cycle start
2026-04-22 15:06:35,682 | INFO | Regime: BULL
2026-04-22 15:06:35,736 | INFO | No option chain
2026-04-22 15:06:42,806 | INFO | Cycle start
2026-04-22 15:06:42,828 | INFO | Regime: BULL
2026-04-22 15:06:42,902 | INFO | No option chain
2026-04-22 15:06:44,017 | INFO | Cycle start
2026-04-22 15:06:44,051 | INFO | Regime: BULL
2026-04-22 15:06:44,761 | INFO | Spot: None
2026-04-22 15:06:44,763 | INFO | MTM PnL: 0
2026-04-22 15:06:44,764 | INFO | PnL Summary: {'realized': 0, 'unrealized': 0, 'total': 0, 'open_positions': 0}
2026-04-22 15:06:44,765 | ERROR | Error in cycle
2026-04-22 15:06:47,587 | INFO | Cycle start
2026-04-22 15:06:47,603 | INFO | Regime: BULL
2026-04-22 15:06:48,215 | INFO | Spot: None
2026-04-22 15:06:48,233 | INFO | MTM PnL: 0
2026-04-22 15:06:48,234 | INFO | PnL Summary: {'realized': 0, 'unrealized': 0, 'total': 0, 'open_positions': 0}
2026-04-22 15:06:48,235 | ERROR | Error in cycle
2026-04-22 15:06:52,929 | INFO | Cycle start
2026-04-22 15:06:53,039 | INFO | Cycle start
2026-04-22 15:06:54,390 | INFO | Regime: BULL
2026-04-22 15:06:54,493 | INFO | Regime: BULL
2026-04-22 15:06:58,550 | INFO | Cycle start
2026-04-22 15:06:58,550 | INFO | Regime: BULL
2026-04-22 15:06:58,616 | INFO | No option chain
2026-04-22 15:07:03,912 | INFO | Cycle start
2026-04-22 15:07:03,922 | INFO | Regime: BULL
2026-04-22 15:07:03,922 | INFO | No option chain
2026-04-22 15:07:05,748 | INFO | Cycle start
2026-04-22 15:07:05,759 | INFO | Regime: BULL
2026-04-22 15:07:05,827 | INFO | No option chain
2026-04-22 15:07:12,918 | INFO | Cycle start
2026-04-22 15:07:14,184 | INFO | Regime: BULL
2026-04-22 15:07:14,278 | INFO | No option chain
2026-04-22 15:07:14,785 | INFO | Cycle start
2026-04-22 15:07:15,888 | INFO | Regime: BULL
2026-04-22 15:07:16,718 | INFO | Spot: None
2026-04-22 15:07:16,718 | INFO | MTM PnL: 0
2026-04-22 15:07:16,718 | INFO | PnL Summary: {'realized': 0, 'unrealized': 0, 'total': 0, 'open_positions': 0}
2026-04-22 15:07:16,718 | ERROR | Error in cycle
2026-04-22 15:07:18,248 | INFO | Cycle start
2026-04-22 15:07:19,030 | INFO | Regime: BULL
2026-04-22 15:07:19,466 | INFO | Spot: None
2026-04-22 15:07:19,466 | INFO | MTM PnL: 0
2026-04-22 15:07:19,466 | INFO | PnL Summary: {'realized': 0, 'unrealized': 0, 'total': 0, 'open_positions': 0}
2026-04-22 15:07:19,470 | ERROR | Error in cycle
2026-04-22 15:07:28,623 | INFO | Cycle start
2026-04-22 15:07:29,512 | INFO | Regime: BULL
2026-04-22 15:07:29,587 | INFO | No option chain
2026-04-22 15:07:33,935 | INFO | Cycle start
2026-04-22 15:07:34,524 | INFO | Regime: BULL
2026-04-22 15:07:34,542 | INFO | No option chain
2026-04-22 15:07:35,828 | INFO | Cycle start
2026-04-22 15:07:36,999 | INFO | Regime: BULL
2026-04-22 15:07:37,090 | INFO | No option chain
2026-04-22 15:07:44,289 | INFO | Cycle start
2026-04-22 15:07:44,305 | INFO | Regime: BULL
2026-04-22 15:07:44,361 | INFO | No option chain
2026-04-22 15:07:46,729 | INFO | Cycle start
2026-04-22 15:07:46,740 | INFO | Regime: BULL
2026-04-22 15:07:47,322 | INFO | Spot: None
2026-04-22 15:07:47,322 | INFO | MTM PnL: 0
2026-04-22 15:07:47,324 | INFO | PnL Summary: {'realized': 0, 'unrealized': 0, 'total': 0, 'open_positions': 0}
2026-04-22 15:07:47,324 | ERROR | Error in cycle
2026-04-22 15:07:49,473 | INFO | Cycle start
2026-04-22 15:07:49,487 | INFO | Regime: BULL
2026-04-22 15:07:49,942 | INFO | Spot: None
2026-04-22 15:07:49,942 | INFO | MTM PnL: 0
2026-04-22 15:07:49,942 | INFO | PnL Summary: {'realized': 0, 'unrealized': 0, 'total': 0, 'open_positions': 0}
2026-04-22 15:07:49,942 | ERROR | Error in cycle
2026-04-22 15:07:59,596 | INFO | Cycle start
2026-04-22 15:07:59,605 | INFO | Regime: BULL
2026-04-22 15:07:59,690 | INFO | No option chain
2026-04-22 15:08:04,564 | INFO | Cycle start
2026-04-22 15:08:04,575 | INFO | Regime: BULL
2026-04-22 15:08:04,575 | INFO | No option chain
2026-04-22 15:08:07,100 | INFO | Cycle start
2026-04-22 15:08:07,308 | INFO | Regime: BULL
2026-04-22 15:08:07,394 | INFO | No option chain
2026-04-22 15:08:14,370 | INFO | Cycle start
2026-04-22 15:08:14,679 | INFO | Regime: BULL
2026-04-22 15:08:14,743 | INFO | No option chain
2026-04-22 15:08:17,335 | INFO | Cycle start
2026-04-22 15:08:17,566 | INFO | Regime: BULL
2026-04-22 15:08:18,125 | INFO | Spot: None
2026-04-22 15:08:18,125 | INFO | MTM PnL: 0
2026-04-22 15:08:18,125 | INFO | PnL Summary: {'realized': 0, 'unrealized': 0, 'total': 0, 'open_positions': 0}
2026-04-22 15:08:18,127 | ERROR | Error in cycle
2026-04-22 15:08:19,950 | INFO | Cycle start
2026-04-22 15:08:21,095 | INFO | Regime: BULL
2026-04-22 15:08:21,858 | INFO | Spot: None
2026-04-22 15:08:21,858 | INFO | MTM PnL: 0
2026-04-22 15:08:21,858 | INFO | PnL Summary: {'realized': 0, 'unrealized': 0, 'total': 0, 'open_positions': 0}
2026-04-22 15:08:21,861 | ERROR | Error in cycle
2026-04-22 15:08:29,693 | INFO | Cycle start
2026-04-22 15:08:30,085 | INFO | Regime: BULL
2026-04-22 15:08:30,142 | INFO | No option chain
2026-04-22 15:08:34,598 | INFO | Cycle start
2026-04-22 15:08:35,370 | INFO | Regime: BULL
2026-04-22 15:08:35,397 | INFO | No option chain
2026-04-22 15:08:37,423 | INFO | Cycle start
2026-04-22 15:08:37,583 | INFO | Regime: BULL
2026-04-22 15:08:37,710 | INFO | No option chain
2026-04-22 15:08:44,748 | INFO | Cycle start
2026-04-22 15:08:44,758 | INFO | Regime: BULL
2026-04-22 15:08:44,826 | INFO | No option chain
2026-04-22 15:08:48,144 | INFO | Cycle start
2026-04-22 15:08:48,165 | INFO | Regime: BULL
2026-04-22 15:08:48,720 | INFO | Spot: None
2026-04-22 15:08:48,720 | INFO | MTM PnL: 0
2026-04-22 15:08:48,720 | INFO | PnL Summary: {'realized': 0, 'unrealized': 0, 'total': 0, 'open_positions': 0}
2026-04-22 15:08:48,724 | ERROR | Error in cycle
2026-04-22 15:08:51,879 | INFO | Cycle start
2026-04-22 15:08:51,901 | INFO | Regime: BULL
2026-04-22 15:08:52,802 | INFO | Spot: None
2026-04-22 15:08:52,803 | INFO | MTM PnL: 0
2026-04-22 15:08:52,803 | INFO | PnL Summary: {'realized': 0, 'unrealized': 0, 'total': 0, 'open_positions': 0}
2026-04-22 15:08:52,805 | ERROR | Error in cycle
2026-04-22 15:09:00,149 | INFO | Cycle start
2026-04-22 15:09:00,160 | INFO | Regime: BULL
2026-04-22 15:09:00,214 | INFO | No option chain
2026-04-22 15:09:05,447 | INFO | Cycle start
2026-04-22 15:09:05,461 | INFO | Regime: BULL
2026-04-22 15:09:05,461 | INFO | No option chain
2026-04-22 15:09:07,712 | INFO | Cycle start
2026-04-22 15:09:07,729 | INFO | Regime: BULL
2026-04-22 15:09:07,792 | INFO | No option chain
2026-04-22 15:09:14,837 | INFO | Cycle start
2026-04-22 15:09:15,182 | INFO | Regime: BEAR
2026-04-22 15:09:15,244 | INFO | No option chain
2026-04-22 15:09:18,735 | INFO | Cycle start
2026-04-22 15:09:18,987 | INFO | Regime: BEAR
2026-04-22 15:09:19,569 | INFO | Spot: None
2026-04-22 15:09:19,569 | INFO | MTM PnL: 0
2026-04-22 15:09:19,569 | INFO | PnL Summary: {'realized': 0, 'unrealized': 0, 'total': 0, 'open_positions': 0}
2026-04-22 15:09:19,573 | ERROR | Error in cycle
2026-04-22 15:09:22,821 | INFO | Cycle start
2026-04-22 15:09:23,133 | INFO | Regime: BEAR
2026-04-22 15:09:23,579 | INFO | Spot: None
2026-04-22 15:09:23,579 | INFO | MTM PnL: 0
2026-04-22 15:09:23,579 | INFO | PnL Summary: {'realized': 0, 'unrealized': 0, 'total': 0, 'open_positions': 0}
2026-04-22 15:09:23,579 | ERROR | Error in cycle
2026-04-22 15:09:30,227 | INFO | Cycle start
2026-04-22 15:09:30,446 | INFO | Regime: BEAR
2026-04-22 15:09:30,508 | INFO | No option chain
2026-04-22 15:09:35,474 | INFO | Cycle start
2026-04-22 15:09:35,718 | INFO | Regime: BEAR
2026-04-22 15:09:35,718 | INFO | No option chain
2026-04-22 15:09:37,805 | INFO | Cycle start
2026-04-22 15:09:38,098 | INFO | Regime: BEAR
2026-04-22 15:09:38,162 | INFO | No option chain
2026-04-22 15:09:45,264 | INFO | Cycle start
2026-04-22 15:09:45,298 | INFO | Regime: BEAR
2026-04-22 15:09:45,355 | INFO | No option chain
2026-04-22 15:09:49,575 | INFO | Cycle start
2026-04-22 15:09:49,575 | INFO | Regime: BEAR
2026-04-22 15:09:50,123 | INFO | Spot: None
2026-04-22 15:09:50,123 | INFO | MTM PnL: 0
2026-04-22 15:09:50,123 | INFO | PnL Summary: {'realized': 0, 'unrealized': 0, 'total': 0, 'open_positions': 0}
2026-04-22 15:09:50,123 | ERROR | Error in cycle
2026-04-22 15:09:53,588 | INFO | Cycle start
2026-04-22 15:09:53,605 | INFO | Regime: BEAR
2026-04-22 15:09:54,282 | INFO | Spot: None
2026-04-22 15:09:54,282 | INFO | MTM PnL: 0
2026-04-22 15:09:54,282 | INFO | PnL Summary: {'realized': 0, 'unrealized': 0, 'total': 0, 'open_positions': 0}
2026-04-22 15:09:54,284 | ERROR | Error in cycle
2026-04-22 15:10:00,513 | INFO | Cycle start
2026-04-22 15:10:00,563 | INFO | Regime: BEAR
2026-04-22 15:10:00,621 | INFO | No option chain
2026-04-22 15:10:05,730 | INFO | Cycle start
2026-04-22 15:10:05,741 | INFO | Regime: BEAR
2026-04-22 15:10:05,741 | INFO | No option chain
2026-04-22 15:10:08,172 | INFO | Cycle start
2026-04-22 15:10:08,196 | INFO | Regime: BEAR
2026-04-22 15:10:08,263 | INFO | No option chain
2026-04-22 15:10:15,370 | INFO | Cycle start
2026-04-22 15:10:15,617 | INFO | Regime: BULL
2026-04-22 15:10:15,682 | INFO | No option chain
2026-04-22 15:10:20,133 | INFO | Cycle start
2026-04-22 15:10:20,522 | INFO | Regime: BULL
2026-04-22 15:10:21,175 | INFO | Spot: None
2026-04-22 15:10:21,177 | INFO | MTM PnL: 0
2026-04-22 15:10:21,177 | INFO | PnL Summary: {'realized': 0, 'unrealized': 0, 'total': 0, 'open_positions': 0}
2026-04-22 15:10:21,181 | ERROR | Error in cycle
2026-04-22 15:10:24,298 | INFO | Cycle start
2026-04-22 15:10:24,550 | INFO | Regime: BULL
2026-04-22 15:10:25,018 | INFO | Spot: None
2026-04-22 15:10:25,018 | INFO | MTM PnL: 0
2026-04-22 15:10:25,018 | INFO | PnL Summary: {'realized': 0, 'unrealized': 0, 'total': 0, 'open_positions': 0}
2026-04-22 15:10:25,018 | ERROR | Error in cycle
2026-04-22 15:10:30,626 | INFO | Cycle start
2026-04-22 15:10:30,793 | INFO | Regime: BULL
2026-04-22 15:10:30,859 | INFO | No option chain
2026-04-22 15:10:35,750 | INFO | Cycle start
2026-04-22 15:10:36,001 | INFO | Regime: BULL
2026-04-22 15:10:36,004 | INFO | No option chain
2026-04-22 15:10:38,269 | INFO | Cycle start
2026-04-22 15:10:38,591 | INFO | Regime: BULL
2026-04-22 15:10:38,681 | INFO | No option chain
2026-04-22 15:10:45,697 | INFO | Cycle start
2026-04-22 15:10:45,712 | INFO | Regime: BULL
2026-04-22 15:10:45,783 | INFO | No option chain
2026-04-22 15:10:51,199 | INFO | Cycle start
2026-04-22 15:10:51,199 | INFO | Regime: BULL
2026-04-22 15:10:51,858 | INFO | Spot: None
2026-04-22 15:10:51,864 | INFO | MTM PnL: 0
2026-04-22 15:10:51,864 | INFO | PnL Summary: {'realized': 0, 'unrealized': 0, 'total': 0, 'open_positions': 0}
2026-04-22 15:10:51,864 | ERROR | Error in cycle
2026-04-22 15:10:55,025 | INFO | Cycle start
2026-04-22 15:10:55,041 | INFO | Regime: BULL
2026-04-22 15:10:55,498 | INFO | Spot: None
2026-04-22 15:10:55,504 | INFO | MTM PnL: 0
2026-04-22 15:10:55,504 | INFO | PnL Summary: {'realized': 0, 'unrealized': 0, 'total': 0, 'open_positions': 0}
2026-04-22 15:10:55,504 | ERROR | Error in cycle
2026-04-22 15:11:00,867 | INFO | Cycle start
2026-04-22 15:11:00,879 | INFO | Regime: BULL
2026-04-22 15:11:00,955 | INFO | No option chain
2026-04-22 15:11:06,011 | INFO | Cycle start
2026-04-22 15:11:06,024 | INFO | Regime: BULL
2026-04-22 15:11:06,024 | INFO | No option chain
2026-04-22 15:11:08,690 | INFO | Cycle start
2026-04-22 15:11:08,693 | INFO | Regime: BULL
2026-04-22 15:11:08,771 | INFO | No option chain
2026-04-22 15:11:15,787 | INFO | Cycle start
2026-04-22 15:11:16,028 | INFO | Regime: BULL
2026-04-22 15:11:16,088 | INFO | No option chain
2026-04-22 15:11:21,881 | INFO | Cycle start
2026-04-22 15:11:22,132 | INFO | Regime: BULL
2026-04-22 15:11:23,703 | INFO | Spot: None
2026-04-22 15:11:23,706 | INFO | MTM PnL: 0
2026-04-22 15:11:23,706 | INFO | PnL Summary: {'realized': 0, 'unrealized': 0, 'total': 0, 'open_positions': 0}
2026-04-22 15:11:23,715 | ERROR | Error in cycle
2026-04-22 15:11:25,521 | INFO | Cycle start
2026-04-22 15:11:25,696 | INFO | Regime: BULL
2026-04-22 15:11:26,204 | INFO | Spot: None
2026-04-22 15:11:26,204 | INFO | MTM PnL: 0
2026-04-22 15:11:26,204 | INFO | PnL Summary: {'realized': 0, 'unrealized': 0, 'total': 0, 'open_positions': 0}
2026-04-22 15:11:26,204 | ERROR | Error in cycle
2026-04-22 15:11:30,971 | INFO | Cycle start
2026-04-22 15:11:31,257 | INFO | Regime: BULL
2026-04-22 15:11:31,321 | INFO | No option chain
2026-04-22 15:11:36,040 | INFO | Cycle start
2026-04-22 15:11:36,277 | INFO | Regime: BULL
2026-04-22 15:11:36,277 | INFO | No option chain
2026-04-22 15:11:38,785 | INFO | Cycle start
2026-04-22 15:11:39,056 | INFO | Regime: BULL
2026-04-22 15:11:39,120 | INFO | No option chain
2026-04-22 15:11:46,099 | INFO | Cycle start
2026-04-22 15:11:46,105 | INFO | Regime: BULL
2026-04-22 15:11:46,173 | INFO | No option chain
2026-04-22 15:11:53,742 | INFO | Cycle start
2026-04-22 15:11:53,757 | INFO | Regime: BULL
2026-04-22 15:11:54,792 | INFO | Spot: None
2026-04-22 15:11:54,792 | INFO | MTM PnL: 0
2026-04-22 15:11:54,792 | INFO | PnL Summary: {'realized': 0, 'unrealized': 0, 'total': 0, 'open_positions': 0}
2026-04-22 15:11:54,792 | ERROR | Error in cycle
2026-04-22 15:11:56,214 | INFO | Cycle start
2026-04-22 15:11:56,229 | INFO | Regime: BULL
2026-04-22 15:11:56,697 | INFO | Spot: None
2026-04-22 15:11:56,697 | INFO | MTM PnL: 0
2026-04-22 15:11:56,697 | INFO | PnL Summary: {'realized': 0, 'unrealized': 0, 'total': 0, 'open_positions': 0}
2026-04-22 15:11:56,697 | ERROR | Error in cycle
2026-04-22 15:12:01,328 | INFO | Cycle start
2026-04-22 15:12:01,338 | INFO | Regime: BULL
2026-04-22 15:12:01,400 | INFO | No option chain
2026-04-22 15:12:06,291 | INFO | Cycle start
2026-04-22 15:12:06,312 | INFO | Regime: BULL
2026-04-22 15:12:06,312 | INFO | No option chain
2026-04-22 15:12:09,122 | INFO | Cycle start
2026-04-22 15:12:09,131 | INFO | Regime: BULL
2026-04-22 15:12:09,204 | INFO | No option chain
2026-04-22 15:12:16,176 | INFO | Cycle start
2026-04-22 15:12:16,490 | INFO | Regime: BEAR
2026-04-22 15:12:16,566 | INFO | No option chain
2026-04-22 15:12:24,809 | INFO | Cycle start
2026-04-22 15:12:25,081 | INFO | Regime: BEAR
2026-04-22 15:12:25,671 | INFO | Spot: None
2026-04-22 15:12:25,671 | INFO | MTM PnL: 0
2026-04-22 15:12:25,671 | INFO | PnL Summary: {'realized': 0, 'unrealized': 0, 'total': 0, 'open_positions': 0}
2026-04-22 15:12:25,672 | ERROR | Error in cycle
2026-04-22 15:12:26,717 | INFO | Cycle start
2026-04-22 15:12:27,262 | INFO | Regime: BEAR
2026-04-22 15:12:28,320 | INFO | Spot: None
2026-04-22 15:12:28,330 | INFO | MTM PnL: 0
2026-04-22 15:12:28,336 | INFO | PnL Summary: {'realized': 0, 'unrealized': 0, 'total': 0, 'open_positions': 0}
2026-04-22 15:12:28,345 | ERROR | Error in cycle
2026-04-22 15:12:31,416 | INFO | Cycle start
2026-04-22 15:12:31,776 | INFO | Regime: BEAR
2026-04-22 15:12:31,839 | INFO | No option chain
2026-04-22 15:12:33,771 | INFO | Spot: None
2026-04-22 15:12:33,771 | INFO | MTM PnL: 0
2026-04-22 15:12:33,771 | INFO | PnL Summary: {'realized': 0, 'unrealized': 0, 'total': 0, 'open_positions': 0}
2026-04-22 15:12:33,771 | ERROR | Error in cycle
2026-04-22 15:12:36,323 | INFO | Cycle start
2026-04-22 15:12:36,873 | INFO | Regime: BEAR
2026-04-22 15:12:36,875 | INFO | No option chain
2026-04-22 15:12:39,213 | INFO | Cycle start
2026-04-22 15:12:39,378 | INFO | Regime: BEAR
2026-04-22 15:12:39,478 | INFO | No option chain
2026-04-22 15:12:46,580 | INFO | Cycle start
2026-04-22 15:12:46,582 | INFO | Regime: BEAR
2026-04-22 15:12:46,663 | INFO | No option chain
2026-04-22 15:12:55,676 | INFO | Cycle start
2026-04-22 15:12:55,691 | INFO | Regime: BEAR
2026-04-22 15:12:56,362 | INFO | Spot: None
2026-04-22 15:12:56,362 | INFO | MTM PnL: 0
2026-04-22 15:12:56,362 | INFO | PnL Summary: {'realized': 0, 'unrealized': 0, 'total': 0, 'open_positions': 0}
2026-04-22 15:12:56,365 | ERROR | Error in cycle
2026-04-22 15:12:58,406 | INFO | Cycle start
2026-04-22 15:12:58,423 | INFO | Regime: BEAR
2026-04-22 15:12:58,868 | INFO | Spot: None
2026-04-22 15:12:58,868 | INFO | MTM PnL: 0
2026-04-22 15:12:58,868 | INFO | PnL Summary: {'realized': 0, 'unrealized': 0, 'total': 0, 'open_positions': 0}
2026-04-22 15:12:58,868 | ERROR | Error in cycle
2026-04-22 15:13:01,855 | INFO | Cycle start
2026-04-22 15:13:01,873 | INFO | Regime: BEAR
2026-04-22 15:13:01,931 | INFO | No option chain
2026-04-22 15:13:03,796 | INFO | Cycle start
2026-04-22 15:13:04,070 | INFO | Regime: BULL
2026-04-22 15:13:04,333 | INFO | Spot: None
2026-04-22 15:13:04,333 | INFO | MTM PnL: 0
2026-04-22 15:13:04,337 | INFO | PnL Summary: {'realized': 0, 'unrealized': 0, 'total': 0, 'open_positions': 0}
2026-04-22 15:13:04,337 | ERROR | Error in cycle
2026-04-22 15:13:06,881 | INFO | Cycle start
2026-04-22 15:13:06,883 | INFO | Regime: BEAR
2026-04-22 15:13:06,883 | INFO | No option chain
2026-04-22 15:13:09,484 | INFO | Cycle start
2026-04-22 15:13:09,536 | INFO | Regime: BEAR
2026-04-22 15:13:09,610 | INFO | No option chain
2026-04-22 15:13:16,675 | INFO | Cycle start
2026-04-22 15:13:17,457 | INFO | Regime: BULL
2026-04-22 15:13:17,524 | INFO | No option chain
2026-04-22 15:13:26,378 | INFO | Cycle start
2026-04-22 15:13:27,848 | INFO | Regime: BULL
2026-04-22 15:13:28,500 | INFO | Spot: None
2026-04-22 15:13:28,512 | INFO | MTM PnL: 0
2026-04-22 15:13:28,512 | INFO | PnL Summary: {'realized': 0, 'unrealized': 0, 'total': 0, 'open_positions': 0}
2026-04-22 15:13:28,512 | ERROR | Error in cycle
2026-04-22 15:13:28,891 | INFO | Cycle start
2026-04-22 15:13:29,236 | INFO | Regime: BULL
2026-04-22 15:13:29,816 | INFO | Spot: None
2026-04-22 15:13:29,816 | INFO | MTM PnL: 0
2026-04-22 15:13:29,818 | INFO | PnL Summary: {'realized': 0, 'unrealized': 0, 'total': 0, 'open_positions': 0}
2026-04-22 15:13:29,818 | ERROR | Error in cycle
2026-04-22 15:13:31,935 | INFO | Cycle start
2026-04-22 15:13:32,331 | INFO | Regime: BULL
2026-04-22 15:13:32,386 | INFO | No option chain
2026-04-22 15:13:34,363 | INFO | Cycle start
2026-04-22 15:13:34,619 | INFO | Regime: BULL
2026-04-22 15:13:36,891 | INFO | Cycle start
2026-04-22 15:13:37,233 | INFO | Regime: BULL
2026-04-22 15:13:37,233 | INFO | No option chain
2026-04-22 15:13:39,615 | INFO | Cycle start
2026-04-22 15:13:39,829 | INFO | Regime: BULL
2026-04-22 15:13:39,892 | INFO | No option chain
2026-04-22 15:13:47,537 | INFO | Cycle start
2026-04-22 15:13:47,545 | INFO | Regime: BULL
2026-04-22 15:13:47,623 | INFO | No option chain
2026-04-22 15:13:58,527 | INFO | Cycle start
2026-04-22 15:13:58,539 | INFO | Regime: BULL
2026-04-22 15:13:59,220 | INFO | Spot: None
2026-04-22 15:13:59,222 | INFO | MTM PnL: 0
2026-04-22 15:13:59,222 | INFO | PnL Summary: {'realized': 0, 'unrealized': 0, 'total': 0, 'open_positions': 0}
2026-04-22 15:13:59,224 | ERROR | Error in cycle
2026-04-22 15:13:59,838 | INFO | Cycle start
2026-04-22 15:13:59,854 | INFO | Regime: BULL
2026-04-22 15:14:00,292 | INFO | Spot: None
2026-04-22 15:14:00,292 | INFO | MTM PnL: 0
2026-04-22 15:14:00,292 | INFO | PnL Summary: {'realized': 0, 'unrealized': 0, 'total': 0, 'open_positions': 0}
2026-04-22 15:14:00,294 | ERROR | Error in cycle
2026-04-22 15:14:02,395 | INFO | Cycle start
2026-04-22 15:14:02,400 | INFO | Regime: BULL
2026-04-22 15:14:02,511 | INFO | No option chain
2026-04-22 15:14:07,246 | INFO | Cycle start
2026-04-22 15:14:07,265 | INFO | Regime: BULL
2026-04-22 15:14:07,267 | INFO | No option chain
2026-04-22 15:14:09,897 | INFO | Cycle start
2026-04-22 15:14:09,907 | INFO | Regime: BULL
2026-04-22 15:14:09,967 | INFO | No option chain
2026-04-22 15:14:17,638 | INFO | Cycle start
2026-04-22 15:14:17,904 | INFO | Regime: BULL
2026-04-22 15:14:17,966 | INFO | No option chain
2026-04-22 15:14:29,237 | INFO | Cycle start
2026-04-22 15:14:29,608 | INFO | Regime: BULL
2026-04-22 15:14:30,145 | INFO | Spot: None
2026-04-22 15:14:30,147 | INFO | MTM PnL: 0
2026-04-22 15:14:30,147 | INFO | PnL Summary: {'realized': 0, 'unrealized': 0, 'total': 0, 'open_positions': 0}
2026-04-22 15:14:30,148 | ERROR | Error in cycle
2026-04-22 15:14:30,308 | INFO | Cycle start
2026-04-22 15:14:30,600 | INFO | Regime: BULL
2026-04-22 15:14:31,056 | INFO | Spot: None
2026-04-22 15:14:31,056 | INFO | MTM PnL: 0
2026-04-22 15:14:31,056 | INFO | PnL Summary: {'realized': 0, 'unrealized': 0, 'total': 0, 'open_positions': 0}
2026-04-22 15:14:31,056 | ERROR | Error in cycle
2026-04-22 15:14:32,511 | INFO | Cycle start
2026-04-22 15:14:32,837 | INFO | Regime: BULL
2026-04-22 15:14:32,911 | INFO | No option chain
2026-04-22 15:14:37,273 | INFO | Cycle start
2026-04-22 15:14:37,416 | INFO | Regime: BULL
2026-04-22 15:14:37,425 | INFO | No option chain
2026-04-22 15:14:39,982 | INFO | Cycle start
2026-04-22 15:14:40,229 | INFO | Regime: BULL
2026-04-22 15:14:40,302 | INFO | No option chain
2026-04-22 15:14:47,975 | INFO | Cycle start
2026-04-22 15:14:47,986 | INFO | Regime: BULL
2026-04-22 15:14:48,045 | INFO | No option chain
2026-04-22 15:15:00,158 | INFO | Cycle start
2026-04-22 15:15:00,158 | INFO | Market closed
2026-04-22 15:15:01,061 | INFO | Cycle start
2026-04-22 15:15:01,063 | INFO | Market closed
2026-04-22 15:15:02,913 | INFO | Cycle start
2026-04-22 15:15:02,913 | INFO | Market closed
2026-04-22 15:15:07,442 | INFO | Cycle start
2026-04-22 15:15:07,444 | INFO | Market closed
2026-04-22 15:15:10,318 | INFO | Cycle start
2026-04-22 15:15:10,319 | INFO | Market closed
2026-04-22 15:15:18,059 | INFO | Cycle start
2026-04-22 15:15:18,062 | INFO | Market closed
2026-04-22 15:15:30,161 | INFO | Cycle start
2026-04-22 15:15:30,163 | INFO | Market closed
2026-04-22 15:15:31,080 | INFO | Cycle start
2026-04-22 15:15:31,082 | INFO | Market closed
2026-04-22 15:15:32,916 | INFO | Cycle start
2026-04-22 15:15:32,916 | INFO | Market closed
2026-04-22 15:15:37,460 | INFO | Cycle start
2026-04-22 15:15:37,462 | INFO | Market closed
2026-04-22 15:15:40,324 | INFO | Cycle start
2026-04-22 15:15:40,327 | INFO | Market closed
2026-04-22 15:15:42,809 | INFO | Spot: None
2026-04-22 15:15:42,809 | INFO | MTM PnL: 0
2026-04-22 15:15:42,809 | INFO | PnL Summary: {'realized': 0, 'unrealized': 0, 'total': 0, 'open_positions': 0}
2026-04-22 15:15:42,809 | ERROR | Error in cycle
2026-04-22 15:15:43,075 | INFO | Spot: None
2026-04-22 15:15:43,077 | INFO | MTM PnL: 0
2026-04-22 15:15:43,077 | INFO | PnL Summary: {'realized': 0, 'unrealized': 0, 'total': 0, 'open_positions': 0}
2026-04-22 15:15:43,077 | ERROR | Error in cycle
2026-04-22 15:15:48,070 | INFO | Cycle start
2026-04-22 15:15:48,070 | INFO | Market closed
2026-04-22 15:16:00,171 | INFO | Cycle start
2026-04-22 15:16:00,173 | INFO | Market closed
2026-04-22 15:16:01,091 | INFO | Cycle start
2026-04-22 15:16:01,094 | INFO | Market closed
2026-04-22 15:16:02,934 | INFO | Cycle start
2026-04-22 15:16:02,934 | INFO | Market closed
2026-04-22 15:16:07,463 | INFO | Cycle start
2026-04-22 15:16:07,466 | INFO | Market closed
2026-04-22 15:16:10,333 | INFO | Cycle start
2026-04-22 15:16:10,333 | INFO | Market closed
2026-04-22 15:16:12,820 | INFO | Cycle start
2026-04-22 15:16:12,820 | INFO | Market closed
2026-04-22 15:16:13,096 | INFO | Cycle start
2026-04-22 15:16:13,096 | INFO | Market closed
2026-04-22 15:16:18,074 | INFO | Cycle start
2026-04-22 15:16:18,076 | INFO | Market closed
2026-04-22 15:16:30,182 | INFO | Cycle start
2026-04-22 15:16:30,183 | INFO | Market closed
2026-04-22 15:16:31,097 | INFO | Cycle start
2026-04-22 15:16:31,097 | INFO | Market closed
2026-04-22 15:16:32,939 | INFO | Cycle start
2026-04-22 15:16:32,940 | INFO | Market closed
2026-04-22 15:16:37,476 | INFO | Cycle start
2026-04-22 15:16:37,478 | INFO | Market closed
2026-04-22 15:16:40,334 | INFO | Cycle start
2026-04-22 15:16:40,334 | INFO | Market closed
2026-04-22 15:16:42,822 | INFO | Cycle start
2026-04-22 15:16:42,823 | INFO | Market closed
2026-04-22 15:16:43,101 | INFO | Cycle start
2026-04-22 15:16:43,101 | INFO | Market closed
2026-04-22 15:16:48,084 | INFO | Cycle start
2026-04-22 15:16:48,085 | INFO | Market closed
2026-04-22 15:17:00,192 | INFO | Cycle start
2026-04-22 15:17:00,192 | INFO | Market closed
2026-04-22 15:17:01,108 | INFO | Cycle start
2026-04-22 15:17:01,108 | INFO | Market closed
2026-04-22 15:17:02,941 | INFO | Cycle start
2026-04-22 15:17:02,943 | INFO | Market closed
2026-04-22 15:17:07,484 | INFO | Cycle start
2026-04-22 15:17:07,487 | INFO | Market closed
2026-04-22 15:17:10,350 | INFO | Cycle start
2026-04-22 15:17:10,352 | INFO | Market closed
2026-04-22 15:17:12,831 | INFO | Cycle start
2026-04-22 15:17:12,832 | INFO | Market closed
2026-04-22 15:17:13,115 | INFO | Cycle start
2026-04-22 15:17:13,118 | INFO | Market closed
2026-04-22 15:17:18,097 | INFO | Cycle start
2026-04-22 15:17:18,097 | INFO | Market closed
2026-04-22 15:17:30,200 | INFO | Cycle start
2026-04-22 15:17:30,201 | INFO | Market closed
2026-04-22 15:17:31,110 | INFO | Cycle start
2026-04-22 15:17:31,112 | INFO | Market closed
2026-04-22 15:17:32,943 | INFO | Cycle start
2026-04-22 15:17:32,943 | INFO | Market closed
2026-04-22 15:17:37,498 | INFO | Cycle start
2026-04-22 15:17:37,498 | INFO | Market closed
2026-04-22 15:17:40,359 | INFO | Cycle start
2026-04-22 15:17:40,360 | INFO | Market closed
2026-04-22 15:17:42,840 | INFO | Cycle start
2026-04-22 15:17:42,841 | INFO | Market closed
2026-04-22 15:17:43,122 | INFO | Cycle start
2026-04-22 15:17:43,123 | INFO | Market closed
2026-04-22 15:17:48,112 | INFO | Cycle start
2026-04-22 15:17:48,114 | INFO | Market closed
2026-04-22 15:18:00,208 | INFO | Cycle start
2026-04-22 15:18:00,208 | INFO | Market closed
2026-04-22 15:18:01,129 | INFO | Cycle start
2026-04-22 15:18:01,132 | INFO | Market closed
2026-04-22 15:18:02,947 | INFO | Cycle start
2026-04-22 15:18:02,947 | INFO | Market closed
2026-04-22 15:18:07,501 | INFO | Cycle start
2026-04-22 15:18:07,501 | INFO | Market closed
2026-04-22 15:18:10,370 | INFO | Cycle start
2026-04-22 15:18:10,370 | INFO | Market closed
2026-04-22 15:18:12,851 | INFO | Cycle start
2026-04-22 15:18:12,851 | INFO | Market closed
2026-04-22 15:18:13,130 | INFO | Cycle start
2026-04-22 15:18:13,131 | INFO | Market closed
2026-04-22 15:18:18,128 | INFO | Cycle start
2026-04-22 15:18:18,130 | INFO | Market closed
2026-04-22 15:18:30,220 | INFO | Cycle start
2026-04-22 15:18:30,222 | INFO | Market closed
2026-04-22 15:18:31,135 | INFO | Cycle start
2026-04-22 15:18:31,135 | INFO | Market closed
2026-04-22 15:18:32,966 | INFO | Cycle start
2026-04-22 15:18:32,968 | INFO | Market closed
2026-04-22 15:18:37,508 | INFO | Cycle start
2026-04-22 15:18:37,508 | INFO | Market closed
2026-04-22 15:18:40,376 | INFO | Cycle start
2026-04-22 15:18:40,377 | INFO | Market closed
2026-04-22 15:18:42,855 | INFO | Cycle start
2026-04-22 15:18:42,856 | INFO | Market closed
2026-04-22 15:18:43,138 | INFO | Cycle start
2026-04-22 15:18:43,138 | INFO | Market closed
2026-04-22 15:18:48,132 | INFO | Cycle start
2026-04-22 15:18:48,132 | INFO | Market closed
2026-04-22 15:19:00,224 | INFO | Cycle start
2026-04-22 15:19:00,225 | INFO | Market closed
2026-04-22 15:19:01,142 | INFO | Cycle start
2026-04-22 15:19:01,142 | INFO | Market closed
2026-04-22 15:19:02,972 | INFO | Cycle start
2026-04-22 15:19:02,973 | INFO | Market closed
2026-04-22 15:19:07,510 | INFO | Cycle start
2026-04-22 15:19:07,510 | INFO | Market closed
2026-04-22 15:19:10,386 | INFO | Cycle start
2026-04-22 15:19:10,387 | INFO | Market closed
2026-04-22 15:19:12,862 | INFO | Cycle start
2026-04-22 15:19:12,864 | INFO | Market closed
2026-04-22 15:19:13,148 | INFO | Cycle start
2026-04-22 15:19:13,149 | INFO | Market closed
2026-04-22 15:19:18,143 | INFO | Cycle start
2026-04-22 15:19:18,143 | INFO | Market closed
2026-04-22 15:19:30,232 | INFO | Cycle start
2026-04-22 15:19:30,232 | INFO | Market closed
2026-04-22 15:19:31,156 | INFO | Cycle start
2026-04-22 15:19:31,157 | INFO | Market closed
2026-04-22 15:19:32,980 | INFO | Cycle start
2026-04-22 15:19:32,981 | INFO | Market closed
2026-04-22 15:19:37,525 | INFO | Cycle start
2026-04-22 15:19:37,525 | INFO | Market closed
2026-04-22 15:19:40,398 | INFO | Cycle start
2026-04-22 15:19:40,398 | INFO | Market closed
2026-04-22 15:19:42,875 | INFO | Cycle start
2026-04-22 15:19:42,876 | INFO | Market closed
2026-04-22 15:19:43,157 | INFO | Cycle start
2026-04-22 15:19:43,158 | INFO | Market closed
2026-04-22 15:19:48,146 | INFO | Cycle start
2026-04-22 15:19:48,146 | INFO | Market closed
2026-04-22 15:20:00,240 | INFO | Cycle start
2026-04-22 15:20:00,240 | INFO | Market closed
2026-04-22 15:20:01,163 | INFO | Cycle start
2026-04-22 15:20:01,163 | INFO | Market closed
2026-04-22 15:20:02,992 | INFO | Cycle start
2026-04-22 15:20:02,993 | INFO | Market closed
2026-04-22 15:20:07,538 | INFO | Cycle start
2026-04-22 15:20:07,538 | INFO | Market closed
2026-04-22 15:20:10,412 | INFO | Cycle start
2026-04-22 15:20:10,415 | INFO | Market closed
2026-04-22 15:20:12,885 | INFO | Cycle start
2026-04-22 15:20:12,886 | INFO | Market closed
2026-04-22 15:20:13,172 | INFO | Cycle start
2026-04-22 15:20:13,172 | INFO | Market closed
2026-04-22 15:20:18,155 | INFO | Cycle start
2026-04-22 15:20:18,155 | INFO | Market closed
2026-04-22 15:20:30,249 | INFO | Cycle start
2026-04-22 15:20:30,251 | INFO | Market closed
2026-04-22 15:20:31,173 | INFO | Cycle start
2026-04-22 15:20:31,175 | INFO | Market closed
2026-04-22 15:20:32,998 | INFO | Cycle start
2026-04-22 15:20:32,999 | INFO | Market closed
2026-04-22 15:20:37,554 | INFO | Cycle start
2026-04-22 15:20:37,575 | INFO | Market closed
2026-04-22 15:20:40,426 | INFO | Cycle start
2026-04-22 15:20:40,427 | INFO | Market closed
2026-04-22 15:20:42,892 | INFO | Cycle start
2026-04-22 15:20:42,894 | INFO | Market closed
2026-04-22 15:20:43,174 | INFO | Cycle start
2026-04-22 15:20:43,175 | INFO | Market closed
2026-04-22 15:20:48,170 | INFO | Cycle start
2026-04-22 15:20:48,172 | INFO | Market closed
2026-04-22 15:21:00,262 | INFO | Cycle start
2026-04-22 15:21:00,262 | INFO | Market closed
2026-04-22 15:21:01,179 | INFO | Cycle start
2026-04-22 15:21:01,180 | INFO | Market closed
2026-04-22 15:21:03,007 | INFO | Cycle start
2026-04-22 15:21:03,007 | INFO | Market closed
2026-04-22 15:21:07,587 | INFO | Cycle start
2026-04-22 15:21:07,588 | INFO | Market closed
2026-04-22 15:21:10,434 | INFO | Cycle start
2026-04-22 15:21:10,435 | INFO | Market closed
2026-04-22 15:21:12,898 | INFO | Cycle start
2026-04-22 15:21:12,898 | INFO | Market closed
2026-04-22 15:21:13,180 | INFO | Cycle start
2026-04-22 15:21:13,187 | INFO | Market closed
2026-04-22 15:21:18,177 | INFO | Cycle start
2026-04-22 15:21:18,177 | INFO | Market closed
2026-04-22 15:21:30,268 | INFO | Cycle start
2026-04-22 15:21:30,270 | INFO | Market closed
2026-04-22 15:21:31,185 | INFO | Cycle start
2026-04-22 15:21:31,186 | INFO | Market closed
2026-04-22 15:21:33,018 | INFO | Cycle start
2026-04-22 15:21:33,018 | INFO | Market closed
2026-04-22 15:21:37,598 | INFO | Cycle start
2026-04-22 15:21:37,599 | INFO | Market closed
2026-04-22 15:21:40,447 | INFO | Cycle start
2026-04-22 15:21:40,448 | INFO | Market closed
2026-04-22 15:21:42,913 | INFO | Cycle start
2026-04-22 15:21:42,915 | INFO | Market closed
2026-04-22 15:21:43,203 | INFO | Cycle start
2026-04-22 15:21:43,205 | INFO | Market closed
2026-04-22 15:21:48,187 | INFO | Cycle start
2026-04-22 15:21:48,188 | INFO | Market closed
2026-04-22 15:22:00,276 | INFO | Cycle start
2026-04-22 15:22:00,278 | INFO | Market closed
2026-04-22 15:22:01,194 | INFO | Cycle start
2026-04-22 15:22:01,197 | INFO | Market closed
2026-04-22 15:22:03,023 | INFO | Cycle start
2026-04-22 15:22:03,023 | INFO | Market closed
2026-04-22 15:22:07,607 | INFO | Cycle start
2026-04-22 15:22:07,611 | INFO | Market closed
2026-04-22 15:22:10,452 | INFO | Cycle start
2026-04-22 15:22:10,452 | INFO | Market closed
2026-04-22 15:22:12,918 | INFO | Cycle start
2026-04-22 15:22:12,918 | INFO | Market closed
2026-04-22 15:22:13,216 | INFO | Cycle start
2026-04-22 15:22:13,217 | INFO | Market closed
2026-04-22 15:22:18,193 | INFO | Cycle start
2026-04-22 15:22:18,195 | INFO | Market closed
2026-04-22 15:22:30,290 | INFO | Cycle start
2026-04-22 15:22:30,290 | INFO | Market closed
2026-04-22 15:22:31,202 | INFO | Cycle start
2026-04-22 15:22:31,203 | INFO | Market closed
2026-04-22 15:22:33,033 | INFO | Cycle start
2026-04-22 15:22:33,034 | INFO | Market closed
2026-04-22 15:22:37,612 | INFO | Cycle start
2026-04-22 15:22:37,613 | INFO | Market closed
2026-04-22 15:22:40,462 | INFO | Cycle start
2026-04-22 15:22:40,464 | INFO | Market closed
2026-04-22 15:22:42,927 | INFO | Cycle start
2026-04-22 15:22:42,928 | INFO | Market closed
2026-04-22 15:22:43,228 | INFO | Cycle start
2026-04-22 15:22:43,230 | INFO | Market closed
2026-04-22 15:22:48,212 | INFO | Cycle start
2026-04-22 15:22:48,212 | INFO | Market closed
2026-04-22 15:23:00,295 | INFO | Cycle start
2026-04-22 15:23:00,297 | INFO | Market closed
2026-04-22 15:23:01,213 | INFO | Cycle start
2026-04-22 15:23:01,214 | INFO | Market closed
2026-04-22 15:23:03,045 | INFO | Cycle start
2026-04-22 15:23:03,045 | INFO | Market closed
2026-04-22 15:23:07,624 | INFO | Cycle start
2026-04-22 15:23:07,624 | INFO | Market closed
2026-04-22 15:23:10,470 | INFO | Cycle start
2026-04-22 15:23:10,473 | INFO | Market closed
2026-04-22 15:23:12,941 | INFO | Cycle start
2026-04-22 15:23:12,942 | INFO | Market closed
2026-04-22 15:23:13,237 | INFO | Cycle start
2026-04-22 15:23:13,238 | INFO | Market closed
2026-04-22 15:23:18,215 | INFO | Cycle start
2026-04-22 15:23:18,216 | INFO | Market closed
2026-04-22 15:23:30,303 | INFO | Cycle start
2026-04-22 15:23:30,305 | INFO | Market closed
2026-04-22 15:23:31,220 | INFO | Cycle start
2026-04-22 15:23:31,220 | INFO | Market closed
2026-04-22 15:23:33,053 | INFO | Cycle start
2026-04-22 15:23:33,054 | INFO | Market closed
2026-04-22 15:23:37,632 | INFO | Cycle start
2026-04-22 15:23:37,633 | INFO | Market closed
2026-04-22 15:23:40,479 | INFO | Cycle start
2026-04-22 15:23:40,479 | INFO | Market closed
2026-04-22 15:23:42,944 | INFO | Cycle start
2026-04-22 15:23:42,944 | INFO | Market closed
2026-04-22 15:23:43,245 | INFO | Cycle start
2026-04-22 15:23:43,245 | INFO | Market closed
2026-04-22 15:23:48,224 | INFO | Cycle start
2026-04-22 15:23:48,227 | INFO | Market closed
2026-04-22 15:24:00,313 | INFO | Cycle start
2026-04-22 15:24:00,314 | INFO | Market closed
2026-04-22 15:24:01,226 | INFO | Cycle start
2026-04-22 15:24:01,227 | INFO | Market closed
2026-04-22 15:24:03,060 | INFO | Cycle start
2026-04-22 15:24:03,060 | INFO | Market closed
2026-04-22 15:24:07,641 | INFO | Cycle start
2026-04-22 15:24:07,641 | INFO | Market closed
2026-04-22 15:24:10,470 | INFO | Cycle start
2026-04-22 15:24:10,471 | INFO | Market closed
2026-04-22 15:24:12,949 | INFO | Cycle start
2026-04-22 15:24:12,950 | INFO | Market closed
2026-04-22 15:24:13,260 | INFO | Cycle start
2026-04-22 15:24:13,261 | INFO | Market closed
2026-04-22 15:24:18,231 | INFO | Cycle start
2026-04-22 15:24:18,231 | INFO | Market closed
2026-04-22 15:24:30,326 | INFO | Cycle start
2026-04-22 15:24:30,326 | INFO | Market closed
2026-04-22 15:24:31,230 | INFO | Cycle start
2026-04-22 15:24:31,230 | INFO | Market closed
2026-04-22 15:24:33,068 | INFO | Cycle start
2026-04-22 15:24:33,068 | INFO | Market closed
2026-04-22 15:24:37,657 | INFO | Cycle start
2026-04-22 15:24:37,657 | INFO | Market closed
2026-04-22 15:24:40,472 | INFO | Cycle start
2026-04-22 15:24:40,481 | INFO | Market closed
2026-04-22 15:24:42,952 | INFO | Cycle start
2026-04-22 15:24:42,954 | INFO | Market closed
2026-04-22 15:24:43,274 | INFO | Cycle start
2026-04-22 15:24:43,275 | INFO | Market closed
2026-04-22 15:24:48,245 | INFO | Cycle start
2026-04-22 15:24:48,247 | INFO | Market closed
2026-04-22 15:25:00,327 | INFO | Cycle start
2026-04-22 15:25:00,327 | INFO | Market closed
2026-04-22 15:25:01,235 | INFO | Cycle start
2026-04-22 15:25:01,235 | INFO | Market closed
2026-04-22 15:25:03,079 | INFO | Cycle start
2026-04-22 15:25:03,081 | INFO | Market closed
2026-04-22 15:25:07,662 | INFO | Cycle start
2026-04-22 15:25:07,662 | INFO | Market closed
2026-04-22 15:25:10,491 | INFO | Cycle start
2026-04-22 15:25:10,507 | INFO | Market closed
2026-04-22 15:25:12,963 | INFO | Cycle start
2026-04-22 15:25:12,964 | INFO | Market closed
2026-04-22 15:25:13,289 | INFO | Cycle start
2026-04-22 15:25:13,289 | INFO | Market closed
2026-04-22 15:25:18,252 | INFO | Cycle start
2026-04-22 15:25:18,252 | INFO | Market closed
2026-04-22 15:25:30,343 | INFO | Cycle start
2026-04-22 15:25:30,343 | INFO | Market closed
2026-04-22 15:25:31,237 | INFO | Cycle start
2026-04-22 15:25:31,237 | INFO | Market closed
2026-04-22 15:25:33,083 | INFO | Cycle start
2026-04-22 15:25:33,083 | INFO | Market closed
2026-04-22 15:25:37,675 | INFO | Cycle start
2026-04-22 15:25:37,675 | INFO | Market closed
2026-04-22 15:25:40,520 | INFO | Cycle start
2026-04-22 15:25:40,522 | INFO | Market closed
2026-04-22 15:25:42,964 | INFO | Cycle start
2026-04-22 15:25:42,964 | INFO | Market closed
2026-04-22 15:25:43,290 | INFO | Cycle start
2026-04-22 15:25:43,290 | INFO | Market closed
2026-04-22 15:25:48,254 | INFO | Cycle start
2026-04-22 15:25:48,262 | INFO | Market closed
2026-04-22 15:26:00,345 | INFO | Cycle start
2026-04-22 15:26:00,345 | INFO | Market closed
2026-04-22 15:26:01,250 | INFO | Cycle start
2026-04-22 15:26:01,252 | INFO | Market closed
2026-04-22 15:26:03,096 | INFO | Cycle start
2026-04-22 15:26:03,096 | INFO | Market closed
2026-04-22 15:26:07,688 | INFO | Cycle start
2026-04-22 15:26:07,688 | INFO | Market closed
2026-04-22 15:26:10,525 | INFO | Cycle start
2026-04-22 15:26:10,525 | INFO | Market closed
2026-04-22 15:26:12,966 | INFO | Cycle start
2026-04-22 15:26:12,966 | INFO | Market closed
2026-04-22 15:26:13,291 | INFO | Cycle start
2026-04-22 15:26:13,291 | INFO | Market closed
2026-04-22 15:26:18,276 | INFO | Cycle start
2026-04-22 15:26:18,276 | INFO | Market closed
2026-04-22 15:26:30,361 | INFO | Cycle start
2026-04-22 15:26:30,363 | INFO | Market closed
2026-04-22 15:26:31,270 | INFO | Cycle start
2026-04-22 15:26:31,270 | INFO | Market closed
2026-04-22 15:26:33,113 | INFO | Cycle start
2026-04-22 15:26:33,113 | INFO | Market closed
2026-04-22 15:26:37,695 | INFO | Cycle start
2026-04-22 15:26:37,697 | INFO | Market closed
2026-04-22 15:26:40,535 | INFO | Cycle start
2026-04-22 15:26:40,538 | INFO | Market closed
2026-04-22 15:26:42,980 | INFO | Cycle start
2026-04-22 15:26:42,982 | INFO | Market closed
2026-04-22 15:26:43,298 | INFO | Cycle start
2026-04-22 15:26:43,298 | INFO | Market closed
2026-04-22 15:26:48,289 | INFO | Cycle start
2026-04-22 15:26:48,289 | INFO | Market closed
2026-04-22 15:27:00,380 | INFO | Cycle start
2026-04-22 15:27:00,380 | INFO | Market closed
2026-04-22 15:27:01,284 | INFO | Cycle start
2026-04-22 15:27:01,284 | INFO | Market closed
2026-04-22 15:27:03,124 | INFO | Cycle start
2026-04-22 15:27:03,124 | INFO | Market closed
2026-04-22 15:27:07,704 | INFO | Cycle start
2026-04-22 15:27:07,704 | INFO | Market closed
2026-04-22 15:27:10,547 | INFO | Cycle start
2026-04-22 15:27:10,547 | INFO | Market closed
2026-04-22 15:27:12,995 | INFO | Cycle start
2026-04-22 15:27:12,997 | INFO | Market closed
2026-04-22 15:27:13,308 | INFO | Cycle start
2026-04-22 15:27:13,309 | INFO | Market closed
2026-04-22 15:27:18,298 | INFO | Cycle start
2026-04-22 15:27:18,300 | INFO | Market closed
2026-04-22 15:27:30,383 | INFO | Cycle start
2026-04-22 15:27:30,386 | INFO | Market closed
2026-04-22 15:27:31,294 | INFO | Cycle start
2026-04-22 15:27:31,294 | INFO | Market closed
2026-04-22 15:27:33,129 | INFO | Cycle start
2026-04-22 15:27:33,129 | INFO | Market closed
2026-04-22 15:27:37,712 | INFO | Cycle start
2026-04-22 15:27:37,713 | INFO | Market closed
2026-04-22 15:27:40,547 | INFO | Cycle start
2026-04-22 15:27:40,547 | INFO | Market closed
2026-04-22 15:27:43,010 | INFO | Cycle start
2026-04-22 15:27:43,011 | INFO | Market closed
2026-04-22 15:27:43,323 | INFO | Cycle start
2026-04-22 15:27:43,325 | INFO | Market closed
2026-04-22 15:27:48,306 | INFO | Cycle start
2026-04-22 15:27:48,311 | INFO | Market closed
2026-04-22 15:28:00,386 | INFO | Cycle start
2026-04-22 15:28:00,386 | INFO | Market closed
2026-04-22 15:28:01,296 | INFO | Cycle start
2026-04-22 15:28:01,296 | INFO | Market closed
2026-04-22 15:28:03,142 | INFO | Cycle start
2026-04-22 15:28:03,144 | INFO | Market closed
2026-04-22 15:28:07,716 | INFO | Cycle start
2026-04-22 15:28:07,717 | INFO | Market closed
2026-04-22 15:28:10,551 | INFO | Cycle start
2026-04-22 15:28:10,552 | INFO | Market closed
2026-04-22 15:28:13,014 | INFO | Cycle start
2026-04-22 15:28:13,014 | INFO | Market closed
2026-04-22 15:28:13,332 | INFO | Cycle start
2026-04-22 15:28:13,332 | INFO | Market closed
2026-04-22 15:28:18,317 | INFO | Cycle start
2026-04-22 15:28:18,318 | INFO | Market closed
2026-04-22 15:28:30,401 | INFO | Cycle start
2026-04-22 15:28:30,404 | INFO | Market closed
2026-04-22 15:28:31,304 | INFO | Cycle start
2026-04-22 15:28:31,304 | INFO | Market closed
2026-04-22 15:28:33,145 | INFO | Cycle start
2026-04-22 15:28:33,145 | INFO | Market closed
2026-04-22 15:28:37,733 | INFO | Cycle start
2026-04-22 15:28:37,734 | INFO | Market closed
2026-04-22 15:28:40,559 | INFO | Cycle start
2026-04-22 15:28:40,559 | INFO | Market closed
2026-04-22 15:28:43,021 | INFO | Cycle start
2026-04-22 15:28:43,021 | INFO | Market closed
2026-04-22 15:28:43,334 | INFO | Cycle start
2026-04-22 15:28:43,334 | INFO | Market closed
2026-04-22 15:28:48,331 | INFO | Cycle start
2026-04-22 15:28:48,333 | INFO | Market closed
2026-04-22 15:29:00,409 | INFO | Cycle start
2026-04-22 15:29:00,411 | INFO | Market closed
2026-04-22 15:29:01,306 | INFO | Cycle start
2026-04-22 15:29:01,306 | INFO | Market closed
2026-04-22 15:29:03,147 | INFO | Cycle start
2026-04-22 15:29:03,147 | INFO | Market closed
2026-04-22 15:29:07,739 | INFO | Cycle start
2026-04-22 15:29:07,739 | INFO | Market closed
2026-04-22 15:29:10,570 | INFO | Cycle start
2026-04-22 15:29:10,572 | INFO | Market closed
2026-04-22 15:29:13,037 | INFO | Cycle start
2026-04-22 15:29:13,037 | INFO | Market closed
2026-04-22 15:29:13,341 | INFO | Cycle start
2026-04-22 15:29:13,341 | INFO | Market closed
2026-04-22 15:29:18,335 | INFO | Cycle start
2026-04-22 15:29:18,336 | INFO | Market closed
2026-04-22 15:29:30,420 | INFO | Cycle start
2026-04-22 15:29:30,422 | INFO | Market closed
2026-04-22 15:29:31,313 | INFO | Cycle start
2026-04-22 15:29:31,313 | INFO | Market closed
2026-04-22 15:29:33,159 | INFO | Cycle start
2026-04-22 15:29:33,160 | INFO | Market closed
2026-04-22 15:29:37,740 | INFO | Cycle start
2026-04-22 15:29:37,742 | INFO | Market closed
2026-04-22 15:29:40,587 | INFO | Cycle start
2026-04-22 15:29:40,587 | INFO | Market closed
2026-04-22 15:29:43,046 | INFO | Cycle start
2026-04-22 15:29:43,051 | INFO | Market closed
2026-04-22 15:29:43,358 | INFO | Cycle start
2026-04-22 15:29:43,359 | INFO | Market closed
2026-04-22 15:29:48,350 | INFO | Cycle start
2026-04-22 15:29:48,351 | INFO | Market closed
2026-04-22 15:30:00,430 | INFO | Cycle start
2026-04-22 15:30:00,430 | INFO | Market closed
2026-04-22 15:30:01,319 | INFO | Cycle start
2026-04-22 15:30:01,321 | INFO | Market closed
2026-04-22 15:30:03,166 | INFO | Cycle start
2026-04-22 15:30:03,168 | INFO | Market closed
2026-04-22 15:30:07,752 | INFO | Cycle start
2026-04-22 15:30:07,754 | INFO | Market closed
2026-04-22 15:30:10,604 | INFO | Cycle start
2026-04-22 15:30:10,604 | INFO | Market closed
2026-04-22 15:30:13,065 | INFO | Cycle start
2026-04-22 15:30:13,067 | INFO | Market closed
2026-04-22 15:30:13,362 | INFO | Cycle start
2026-04-22 15:30:13,362 | INFO | Market closed
2026-04-22 15:30:18,368 | INFO | Cycle start
2026-04-22 15:30:18,370 | INFO | Market closed
2026-04-22 15:30:30,431 | INFO | Cycle start
2026-04-22 15:30:30,434 | INFO | Market closed
2026-04-22 15:30:31,335 | INFO | Cycle start
2026-04-22 15:30:31,337 | INFO | Market closed
2026-04-22 15:30:33,180 | INFO | Cycle start
2026-04-22 15:30:33,186 | INFO | Market closed
2026-04-22 15:30:37,763 | INFO | Cycle start
2026-04-22 15:30:37,763 | INFO | Market closed
2026-04-22 15:30:40,607 | INFO | Cycle start
2026-04-22 15:30:40,609 | INFO | Market closed
2026-04-22 15:30:43,075 | INFO | Cycle start
2026-04-22 15:30:43,077 | INFO | Market closed
2026-04-22 15:30:43,375 | INFO | Cycle start
2026-04-22 15:30:43,375 | INFO | Market closed
2026-04-22 15:30:48,375 | INFO | Cycle start
2026-04-22 15:30:48,375 | INFO | Market closed
2026-04-22 15:31:00,439 | INFO | Cycle start
2026-04-22 15:31:00,441 | INFO | Market closed
2026-04-22 15:31:01,349 | INFO | Cycle start
2026-04-22 15:31:01,353 | INFO | Market closed
2026-04-22 15:31:03,191 | INFO | Cycle start
2026-04-22 15:31:03,194 | INFO | Market closed
2026-04-22 15:31:07,778 | INFO | Cycle start
2026-04-22 15:31:07,781 | INFO | Market closed
2026-04-22 15:31:10,615 | INFO | Cycle start
2026-04-22 15:31:10,616 | INFO | Market closed
2026-04-22 15:31:13,090 | INFO | Cycle start
2026-04-22 15:31:13,092 | INFO | Market closed
2026-04-22 15:31:13,385 | INFO | Cycle start
2026-04-22 15:31:13,386 | INFO | Market closed
2026-04-22 15:31:18,386 | INFO | Cycle start
2026-04-22 15:31:18,390 | INFO | Market closed
2026-04-22 15:31:30,445 | INFO | Cycle start
2026-04-22 15:31:30,447 | INFO | Market closed
2026-04-22 15:31:31,366 | INFO | Cycle start
2026-04-22 15:31:31,366 | INFO | Market closed
2026-04-22 15:31:33,194 | INFO | Cycle start
2026-04-22 15:31:33,194 | INFO | Market closed
2026-04-22 15:31:37,787 | INFO | Cycle start
2026-04-22 15:31:37,787 | INFO | Market closed
2026-04-22 15:31:40,626 | INFO | Cycle start
2026-04-22 15:31:40,629 | INFO | Market closed
2026-04-22 15:31:43,106 | INFO | Cycle start
2026-04-22 15:31:43,108 | INFO | Market closed
2026-04-22 15:31:43,393 | INFO | Cycle start
2026-04-22 15:31:43,393 | INFO | Market closed
2026-04-22 15:31:48,395 | INFO | Cycle start
2026-04-22 15:31:48,396 | INFO | Market closed
2026-04-22 15:32:00,456 | INFO | Cycle start
2026-04-22 15:32:00,456 | INFO | Market closed
2026-04-22 15:32:01,376 | INFO | Cycle start
2026-04-22 15:32:01,379 | INFO | Market closed
2026-04-22 15:32:03,210 | INFO | Cycle start
2026-04-22 15:32:03,211 | INFO | Market closed
2026-04-22 15:32:07,803 | INFO | Cycle start
2026-04-22 15:32:07,803 | INFO | Market closed
2026-04-22 15:32:10,637 | INFO | Cycle start
2026-04-22 15:32:10,638 | INFO | Market closed
2026-04-22 15:32:13,111 | INFO | Cycle start
2026-04-22 15:32:13,112 | INFO | Market closed
2026-04-22 15:32:13,411 | INFO | Cycle start
2026-04-22 15:32:13,413 | INFO | Market closed
2026-04-22 15:32:18,404 | INFO | Cycle start
2026-04-22 15:32:18,406 | INFO | Market closed
2026-04-22 15:32:30,464 | INFO | Cycle start
2026-04-22 15:32:30,466 | INFO | Market closed
2026-04-22 15:32:31,384 | INFO | Cycle start
2026-04-22 15:32:31,386 | INFO | Market closed
2026-04-22 15:32:33,221 | INFO | Cycle start
2026-04-22 15:32:33,224 | INFO | Market closed
2026-04-22 15:32:37,811 | INFO | Cycle start
2026-04-22 15:32:37,812 | INFO | Market closed
2026-04-22 15:32:40,640 | INFO | Cycle start
2026-04-22 15:32:40,641 | INFO | Market closed
2026-04-22 15:32:43,112 | INFO | Cycle start
2026-04-22 15:32:43,114 | INFO | Market closed
2026-04-22 15:32:43,425 | INFO | Cycle start
2026-04-22 15:32:43,427 | INFO | Market closed
2026-04-22 15:32:48,420 | INFO | Cycle start
2026-04-22 15:32:48,422 | INFO | Market closed
2026-04-22 15:33:00,467 | INFO | Cycle start
2026-04-22 15:33:00,467 | INFO | Market closed
2026-04-22 15:33:01,386 | INFO | Cycle start
2026-04-22 15:33:01,386 | INFO | Market closed
2026-04-22 15:33:03,226 | INFO | Cycle start
2026-04-22 15:33:03,226 | INFO | Market closed
2026-04-22 15:33:07,823 | INFO | Cycle start
2026-04-22 15:33:07,823 | INFO | Market closed
2026-04-22 15:33:10,649 | INFO | Cycle start
2026-04-22 15:33:10,649 | INFO | Market closed
2026-04-22 15:33:13,121 | INFO | Cycle start
2026-04-22 15:33:13,121 | INFO | Market closed
2026-04-22 15:33:13,434 | INFO | Cycle start
2026-04-22 15:33:13,436 | INFO | Market closed
2026-04-22 15:33:18,425 | INFO | Cycle start
2026-04-22 15:33:18,426 | INFO | Market closed
2026-04-22 15:33:30,470 | INFO | Cycle start
2026-04-22 15:33:30,470 | INFO | Market closed
2026-04-22 15:33:31,398 | INFO | Cycle start
2026-04-22 15:33:31,400 | INFO | Market closed
2026-04-22 15:33:33,237 | INFO | Cycle start
2026-04-22 15:33:33,238 | INFO | Market closed
2026-04-22 15:33:37,831 | INFO | Cycle start
2026-04-22 15:33:37,833 | INFO | Market closed
2026-04-22 15:33:40,655 | INFO | Cycle start
2026-04-22 15:33:40,655 | INFO | Market closed
2026-04-22 15:33:43,127 | INFO | Cycle start
2026-04-22 15:33:43,127 | INFO | Market closed
2026-04-22 15:33:43,442 | INFO | Cycle start
2026-04-22 15:33:43,442 | INFO | Market closed
2026-04-22 15:33:48,440 | INFO | Cycle start
2026-04-22 15:33:48,440 | INFO | Market closed
2026-04-22 15:34:00,480 | INFO | Cycle start
2026-04-22 15:34:00,485 | INFO | Market closed
2026-04-22 15:34:01,409 | INFO | Cycle start
2026-04-22 15:34:01,409 | INFO | Market closed
2026-04-22 15:34:03,242 | INFO | Cycle start
2026-04-22 15:34:03,242 | INFO | Market closed
2026-04-22 15:34:07,848 | INFO | Cycle start
2026-04-22 15:34:07,848 | INFO | Market closed
2026-04-22 15:34:10,665 | INFO | Cycle start
2026-04-22 15:34:10,669 | INFO | Market closed
2026-04-22 15:34:13,134 | INFO | Cycle start
2026-04-22 15:34:13,136 | INFO | Market closed
2026-04-22 15:34:13,447 | INFO | Cycle start
2026-04-22 15:34:13,447 | INFO | Market closed
2026-04-22 15:34:18,452 | INFO | Cycle start
2026-04-22 15:34:18,452 | INFO | Market closed
2026-04-22 15:34:30,494 | INFO | Cycle start
2026-04-22 15:34:30,496 | INFO | Market closed
2026-04-22 15:34:31,425 | INFO | Cycle start
2026-04-22 15:34:31,426 | INFO | Market closed
2026-04-22 15:34:33,258 | INFO | Cycle start
2026-04-22 15:34:33,259 | INFO | Market closed
2026-04-22 15:34:37,861 | INFO | Cycle start
2026-04-22 15:34:37,863 | INFO | Market closed
2026-04-22 15:34:40,679 | INFO | Cycle start
2026-04-22 15:34:40,679 | INFO | Market closed
2026-04-22 15:34:43,144 | INFO | Cycle start
2026-04-22 15:34:43,144 | INFO | Market closed
2026-04-22 15:34:43,459 | INFO | Cycle start
2026-04-22 15:34:43,459 | INFO | Market closed
2026-04-22 15:34:48,460 | INFO | Cycle start
2026-04-22 15:34:48,460 | INFO | Market closed
2026-04-22 15:35:00,509 | INFO | Cycle start
2026-04-22 15:35:00,511 | INFO | Market closed
2026-04-22 15:35:01,433 | INFO | Cycle start
2026-04-22 15:35:01,436 | INFO | Market closed
2026-04-22 15:35:03,262 | INFO | Cycle start
2026-04-22 15:35:03,262 | INFO | Market closed
2026-04-22 15:35:07,869 | INFO | Cycle start
2026-04-22 15:35:07,869 | INFO | Market closed
2026-04-22 15:35:10,692 | INFO | Cycle start
2026-04-22 15:35:10,692 | INFO | Market closed
2026-04-22 15:35:13,159 | INFO | Cycle start
2026-04-22 15:35:13,160 | INFO | Market closed
2026-04-22 15:35:13,472 | INFO | Cycle start
2026-04-22 15:35:13,475 | INFO | Market closed
2026-04-22 15:35:18,468 | INFO | Cycle start
2026-04-22 15:35:18,470 | INFO | Market closed
2026-04-22 15:35:30,519 | INFO | Cycle start
2026-04-22 15:35:30,521 | INFO | Market closed
2026-04-22 15:35:31,441 | INFO | Cycle start
2026-04-22 15:35:31,443 | INFO | Market closed
2026-04-22 15:35:33,272 | INFO | Cycle start
2026-04-22 15:35:33,272 | INFO | Market closed
2026-04-22 15:35:37,885 | INFO | Cycle start
2026-04-22 15:35:37,889 | INFO | Market closed
2026-04-22 15:35:40,701 | INFO | Cycle start
2026-04-22 15:35:40,702 | INFO | Market closed
2026-04-22 15:35:43,175 | INFO | Cycle start
2026-04-22 15:35:43,176 | INFO | Market closed
2026-04-22 15:35:43,489 | INFO | Cycle start
2026-04-22 15:35:43,490 | INFO | Market closed
2026-04-22 15:35:48,490 | INFO | Cycle start
2026-04-22 15:35:48,493 | INFO | Market closed
2026-04-22 15:36:00,524 | INFO | Cycle start
2026-04-22 15:36:00,526 | INFO | Market closed
2026-04-22 15:36:01,450 | INFO | Cycle start
2026-04-22 15:36:01,450 | INFO | Market closed
2026-04-22 15:36:03,283 | INFO | Cycle start
2026-04-22 15:36:03,284 | INFO | Market closed
2026-04-22 15:36:07,894 | INFO | Cycle start
2026-04-22 15:36:07,894 | INFO | Market closed
2026-04-22 15:36:10,710 | INFO | Cycle start
2026-04-22 15:36:10,710 | INFO | Market closed
2026-04-22 15:36:13,189 | INFO | Cycle start
2026-04-22 15:36:13,189 | INFO | Market closed
2026-04-22 15:36:13,506 | INFO | Cycle start
2026-04-22 15:36:13,506 | INFO | Market closed
2026-04-22 15:36:18,503 | INFO | Cycle start
2026-04-22 15:36:18,503 | INFO | Market closed
2026-04-22 15:36:30,536 | INFO | Cycle start
2026-04-22 15:36:30,536 | INFO | Market closed
2026-04-22 15:36:31,453 | INFO | Cycle start
2026-04-22 15:36:31,453 | INFO | Market closed
2026-04-22 15:36:33,288 | INFO | Cycle start
2026-04-22 15:36:33,289 | INFO | Market closed
2026-04-22 15:36:37,904 | INFO | Cycle start
2026-04-22 15:36:37,905 | INFO | Market closed
2026-04-22 15:36:40,715 | INFO | Cycle start
2026-04-22 15:36:40,715 | INFO | Market closed
2026-04-22 15:36:43,198 | INFO | Cycle start
2026-04-22 15:36:43,198 | INFO | Market closed
2026-04-22 15:36:43,511 | INFO | Cycle start
2026-04-22 15:36:43,511 | INFO | Market closed
2026-04-22 15:36:48,516 | INFO | Cycle start
2026-04-22 15:36:48,518 | INFO | Market closed
2026-04-22 15:37:00,539 | INFO | Cycle start
2026-04-22 15:37:00,540 | INFO | Market closed
2026-04-22 15:37:01,457 | INFO | Cycle start
2026-04-22 15:37:01,461 | INFO | Market closed
2026-04-22 15:37:03,302 | INFO | Cycle start
2026-04-22 15:37:03,302 | INFO | Market closed
2026-04-22 15:37:07,917 | INFO | Cycle start
2026-04-22 15:37:07,918 | INFO | Market closed
2026-04-22 15:37:10,717 | INFO | Cycle start
2026-04-22 15:37:10,717 | INFO | Market closed
2026-04-22 15:37:13,211 | INFO | Cycle start
2026-04-22 15:37:13,212 | INFO | Market closed
2026-04-22 15:37:13,518 | INFO | Cycle start
2026-04-22 15:37:13,518 | INFO | Market closed
2026-04-22 15:37:18,525 | INFO | Cycle start
2026-04-22 15:37:18,526 | INFO | Market closed
2026-04-22 15:37:30,556 | INFO | Cycle start
2026-04-22 15:37:30,556 | INFO | Market closed
2026-04-22 15:37:31,472 | INFO | Cycle start
2026-04-22 15:37:31,472 | INFO | Market closed
2026-04-22 15:37:33,307 | INFO | Cycle start
2026-04-22 15:37:33,307 | INFO | Market closed
2026-04-22 15:37:37,922 | INFO | Cycle start
2026-04-22 15:37:37,922 | INFO | Market closed
2026-04-22 15:37:40,728 | INFO | Cycle start
2026-04-22 15:37:40,729 | INFO | Market closed
2026-04-22 15:37:43,229 | INFO | Cycle start
2026-04-22 15:37:43,231 | INFO | Market closed
2026-04-22 15:37:43,519 | INFO | Cycle start
2026-04-22 15:37:43,519 | INFO | Market closed
2026-04-22 15:37:48,541 | INFO | Cycle start
2026-04-22 15:37:48,542 | INFO | Market closed
2026-04-22 15:38:00,568 | INFO | Cycle start
2026-04-22 15:38:00,572 | INFO | Market closed
2026-04-22 15:38:01,481 | INFO | Cycle start
2026-04-22 15:38:01,484 | INFO | Market closed
2026-04-22 15:38:03,323 | INFO | Cycle start
2026-04-22 15:38:03,327 | INFO | Market closed
2026-04-22 15:38:07,935 | INFO | Cycle start
2026-04-22 15:38:07,937 | INFO | Market closed
2026-04-22 15:38:10,744 | INFO | Cycle start
2026-04-22 15:38:10,745 | INFO | Market closed
2026-04-22 15:38:13,247 | INFO | Cycle start
2026-04-22 15:38:13,247 | INFO | Market closed
2026-04-22 15:38:13,527 | INFO | Cycle start
2026-04-22 15:38:13,527 | INFO | Market closed
2026-04-22 15:38:18,554 | INFO | Cycle start
2026-04-22 15:38:18,558 | INFO | Market closed
2026-04-22 15:38:30,574 | INFO | Cycle start
2026-04-22 15:38:30,577 | INFO | Market closed
2026-04-22 15:38:31,491 | INFO | Cycle start
2026-04-22 15:38:31,491 | INFO | Market closed
2026-04-22 15:38:33,343 | INFO | Cycle start
2026-04-22 15:38:33,343 | INFO | Market closed
2026-04-22 15:38:37,939 | INFO | Cycle start
2026-04-22 15:38:37,941 | INFO | Market closed
2026-04-22 15:38:40,758 | INFO | Cycle start
2026-04-22 15:38:40,761 | INFO | Market closed
2026-04-22 15:38:43,256 | INFO | Cycle start
2026-04-22 15:38:43,257 | INFO | Market closed
2026-04-22 15:38:43,540 | INFO | Cycle start
2026-04-22 15:38:43,540 | INFO | Market closed
2026-04-22 15:38:48,564 | INFO | Cycle start
2026-04-22 15:38:48,564 | INFO | Market closed
2026-04-22 15:39:00,579 | INFO | Cycle start
2026-04-22 15:39:00,579 | INFO | Market closed
2026-04-22 15:39:01,503 | INFO | Cycle start
2026-04-22 15:39:01,504 | INFO | Market closed
2026-04-22 15:39:03,343 | INFO | Cycle start
2026-04-22 15:39:03,343 | INFO | Market closed
2026-04-22 15:39:07,948 | INFO | Cycle start
2026-04-22 15:39:07,951 | INFO | Market closed
2026-04-22 15:39:10,766 | INFO | Cycle start
2026-04-22 15:39:10,766 | INFO | Market closed
2026-04-22 15:39:13,272 | INFO | Cycle start
2026-04-22 15:39:13,273 | INFO | Market closed
2026-04-22 15:39:13,554 | INFO | Cycle start
2026-04-22 15:39:13,556 | INFO | Market closed
2026-04-22 15:39:18,572 | INFO | Cycle start
2026-04-22 15:39:18,573 | INFO | Market closed
2026-04-22 15:39:30,594 | INFO | Cycle start
2026-04-22 15:39:30,594 | INFO | Market closed
2026-04-22 15:39:31,513 | INFO | Cycle start
2026-04-22 15:39:31,513 | INFO | Market closed
2026-04-22 15:39:33,352 | INFO | Cycle start
2026-04-22 15:39:33,352 | INFO | Market closed
2026-04-22 15:39:37,958 | INFO | Cycle start
2026-04-22 15:39:37,960 | INFO | Market closed
2026-04-22 15:39:40,782 | INFO | Cycle start
2026-04-22 15:39:40,785 | INFO | Market closed
2026-04-22 15:39:43,286 | INFO | Cycle start
2026-04-22 15:39:43,286 | INFO | Market closed
2026-04-22 15:39:43,568 | INFO | Cycle start
2026-04-22 15:39:43,572 | INFO | Market closed
2026-04-22 15:39:48,581 | INFO | Cycle start
2026-04-22 15:39:48,583 | INFO | Market closed
2026-04-22 15:40:00,610 | INFO | Cycle start
2026-04-22 15:40:00,610 | INFO | Market closed
2026-04-22 15:40:01,525 | INFO | Cycle start
2026-04-22 15:40:01,527 | INFO | Market closed
2026-04-22 15:40:03,359 | INFO | Cycle start
2026-04-22 15:40:03,359 | INFO | Market closed
2026-04-22 15:40:07,968 | INFO | Cycle start
2026-04-22 15:40:07,968 | INFO | Market closed
2026-04-22 15:40:10,800 | INFO | Cycle start
2026-04-22 15:40:10,801 | INFO | Market closed
2026-04-22 15:40:13,289 | INFO | Cycle start
2026-04-22 15:40:13,291 | INFO | Market closed
2026-04-22 15:40:13,579 | INFO | Cycle start
2026-04-22 15:40:13,579 | INFO | Market closed
2026-04-22 15:40:18,585 | INFO | Cycle start
2026-04-22 15:40:18,586 | INFO | Market closed
2026-04-22 15:40:30,617 | INFO | Cycle start
2026-04-22 15:40:30,617 | INFO | Market closed
2026-04-22 15:40:31,532 | INFO | Cycle start
2026-04-22 15:40:31,532 | INFO | Market closed
2026-04-22 15:40:33,364 | INFO | Cycle start
2026-04-22 15:40:33,368 | INFO | Market closed
2026-04-22 15:40:37,980 | INFO | Cycle start
2026-04-22 15:40:37,980 | INFO | Market closed
2026-04-22 15:40:40,812 | INFO | Cycle start
2026-04-22 15:40:40,812 | INFO | Market closed
2026-04-22 15:40:43,303 | INFO | Cycle start
2026-04-22 15:40:43,305 | INFO | Market closed
2026-04-22 15:40:43,583 | INFO | Cycle start
2026-04-22 15:40:43,583 | INFO | Market closed
2026-04-22 15:40:48,599 | INFO | Cycle start
2026-04-22 15:40:48,601 | INFO | Market closed
2026-04-22 15:41:00,621 | INFO | Cycle start
2026-04-22 15:41:00,623 | INFO | Market closed
2026-04-22 15:41:01,545 | INFO | Cycle start
2026-04-22 15:41:01,545 | INFO | Market closed
2026-04-22 15:41:03,382 | INFO | Cycle start
2026-04-22 15:41:03,382 | INFO | Market closed
2026-04-22 15:41:07,987 | INFO | Cycle start
2026-04-22 15:41:07,987 | INFO | Market closed
2026-04-22 15:41:10,827 | INFO | Cycle start
2026-04-22 15:41:10,829 | INFO | Market closed
2026-04-22 15:41:13,310 | INFO | Cycle start
2026-04-22 15:41:13,310 | INFO | Market closed
2026-04-22 15:41:13,595 | INFO | Cycle start
2026-04-22 15:41:13,596 | INFO | Market closed
2026-04-22 15:41:18,609 | INFO | Cycle start
2026-04-22 15:41:18,611 | INFO | Market closed
2026-04-22 15:41:30,638 | INFO | Cycle start
2026-04-22 15:41:30,638 | INFO | Market closed
2026-04-22 15:41:31,553 | INFO | Cycle start
2026-04-22 15:41:31,553 | INFO | Market closed
2026-04-22 15:41:33,386 | INFO | Cycle start
2026-04-22 15:41:33,391 | INFO | Market closed
2026-04-22 15:41:37,997 | INFO | Cycle start
2026-04-22 15:41:37,997 | INFO | Market closed
2026-04-22 15:41:40,839 | INFO | Cycle start
2026-04-22 15:41:40,841 | INFO | Market closed
2026-04-22 15:41:43,320 | INFO | Cycle start
2026-04-22 15:41:43,322 | INFO | Market closed
2026-04-22 15:41:43,601 | INFO | Cycle start
2026-04-22 15:41:43,602 | INFO | Market closed
2026-04-22 15:41:48,626 | INFO | Cycle start
2026-04-22 15:41:48,628 | INFO | Market closed
2026-04-22 15:42:00,648 | INFO | Cycle start
2026-04-22 15:42:00,648 | INFO | Market closed
2026-04-22 15:42:01,567 | INFO | Cycle start
2026-04-22 15:42:01,570 | INFO | Market closed
2026-04-22 15:42:03,408 | INFO | Cycle start
2026-04-22 15:42:03,408 | INFO | Market closed
2026-04-22 15:42:08,011 | INFO | Cycle start
2026-04-22 15:42:08,015 | INFO | Market closed
2026-04-22 15:42:10,858 | INFO | Cycle start
2026-04-22 15:42:10,862 | INFO | Market closed
2026-04-22 15:42:13,335 | INFO | Cycle start
2026-04-22 15:42:13,337 | INFO | Market closed
2026-04-22 15:42:13,615 | INFO | Cycle start
2026-04-22 15:42:13,615 | INFO | Market closed
2026-04-22 15:42:18,642 | INFO | Cycle start
2026-04-22 15:42:18,642 | INFO | Market closed
2026-04-22 15:42:30,651 | INFO | Cycle start
2026-04-22 15:42:30,651 | INFO | Market closed
2026-04-22 15:42:31,582 | INFO | Cycle start
2026-04-22 15:42:31,583 | INFO | Market closed
2026-04-22 15:42:33,412 | INFO | Cycle start
2026-04-22 15:42:33,413 | INFO | Market closed
2026-04-22 15:42:38,027 | INFO | Cycle start
2026-04-22 15:42:38,029 | INFO | Market closed
2026-04-22 15:42:40,876 | INFO | Cycle start
2026-04-22 15:42:40,876 | INFO | Market closed
2026-04-22 15:42:43,345 | INFO | Cycle start
2026-04-22 15:42:43,346 | INFO | Market closed
2026-04-22 15:42:43,616 | INFO | Cycle start
2026-04-22 15:42:43,616 | INFO | Market closed
2026-04-22 15:42:48,645 | INFO | Cycle start
2026-04-22 15:42:48,645 | INFO | Market closed
2026-04-22 15:43:00,664 | INFO | Cycle start
2026-04-22 15:43:00,665 | INFO | Market closed
2026-04-22 15:43:01,596 | INFO | Cycle start
2026-04-22 15:43:01,599 | INFO | Market closed
2026-04-22 15:43:03,425 | INFO | Cycle start
2026-04-22 15:43:03,426 | INFO | Market closed
2026-04-22 15:43:08,035 | INFO | Cycle start
2026-04-22 15:43:08,035 | INFO | Market closed
2026-04-22 15:43:10,881 | INFO | Cycle start
2026-04-22 15:43:10,881 | INFO | Market closed
2026-04-22 15:43:13,350 | INFO | Cycle start
2026-04-22 15:43:13,350 | INFO | Market closed
2026-04-22 15:43:13,633 | INFO | Cycle start
2026-04-22 15:43:13,633 | INFO | Market closed
2026-04-22 15:43:18,650 | INFO | Cycle start
2026-04-22 15:43:18,652 | INFO | Market closed
2026-04-22 15:43:30,672 | INFO | Cycle start
2026-04-22 15:43:30,672 | INFO | Market closed
2026-04-22 15:43:31,611 | INFO | Cycle start
2026-04-22 15:43:31,611 | INFO | Market closed
2026-04-22 15:43:33,429 | INFO | Cycle start
2026-04-22 15:43:33,429 | INFO | Market closed
2026-04-22 15:43:38,039 | INFO | Cycle start
2026-04-22 15:43:38,041 | INFO | Market closed
2026-04-22 15:43:40,892 | INFO | Cycle start
2026-04-22 15:43:40,892 | INFO | Market closed
2026-04-22 15:43:43,362 | INFO | Cycle start
2026-04-22 15:43:43,363 | INFO | Market closed
2026-04-22 15:43:43,639 | INFO | Cycle start
2026-04-22 15:43:43,641 | INFO | Market closed
2026-04-22 15:43:48,657 | INFO | Cycle start
2026-04-22 15:43:48,657 | INFO | Market closed
2026-04-22 15:44:00,684 | INFO | Cycle start
2026-04-22 15:44:00,684 | INFO | Market closed
2026-04-22 15:44:01,611 | INFO | Cycle start
2026-04-22 15:44:01,611 | INFO | Market closed
2026-04-22 15:44:03,443 | INFO | Cycle start
2026-04-22 15:44:03,445 | INFO | Market closed
2026-04-22 15:44:08,057 | INFO | Cycle start
2026-04-22 15:44:08,059 | INFO | Market closed
2026-04-22 15:44:10,899 | INFO | Cycle start
2026-04-22 15:44:10,900 | INFO | Market closed
2026-04-22 15:44:13,375 | INFO | Cycle start
2026-04-22 15:44:13,375 | INFO | Market closed
2026-04-22 15:44:13,656 | INFO | Cycle start
2026-04-22 15:44:13,658 | INFO | Market closed
2026-04-22 15:44:18,662 | INFO | Cycle start
2026-04-22 15:44:18,662 | INFO | Market closed
2026-04-22 15:44:30,696 | INFO | Cycle start
2026-04-22 15:44:30,698 | INFO | Market closed
2026-04-22 15:44:31,613 | INFO | Cycle start
2026-04-22 15:44:31,613 | INFO | Market closed
2026-04-22 15:44:33,452 | INFO | Cycle start
2026-04-22 15:44:33,452 | INFO | Market closed
2026-04-22 15:44:38,065 | INFO | Cycle start
2026-04-22 15:44:38,065 | INFO | Market closed
2026-04-22 15:44:40,900 | INFO | Cycle start
2026-04-22 15:44:40,903 | INFO | Market closed
2026-04-22 15:44:43,385 | INFO | Cycle start
2026-04-22 15:44:43,386 | INFO | Market closed
2026-04-22 15:44:43,662 | INFO | Cycle start
2026-04-22 15:44:43,662 | INFO | Market closed
2026-04-22 15:44:48,663 | INFO | Cycle start
2026-04-22 15:44:48,665 | INFO | Market closed
2026-04-22 15:45:00,702 | INFO | Cycle start
2026-04-22 15:45:00,703 | INFO | Market closed
2026-04-22 15:45:01,626 | INFO | Cycle start
2026-04-22 15:45:01,627 | INFO | Market closed
2026-04-22 15:45:03,466 | INFO | Cycle start
2026-04-22 15:45:03,466 | INFO | Market closed
2026-04-22 15:45:08,069 | INFO | Cycle start
2026-04-22 15:45:08,071 | INFO | Market closed
2026-04-22 15:45:10,918 | INFO | Cycle start
2026-04-22 15:45:10,919 | INFO | Market closed
2026-04-22 15:45:13,388 | INFO | Cycle start
2026-04-22 15:45:13,388 | INFO | Market closed
2026-04-22 15:45:13,663 | INFO | Cycle start
2026-04-22 15:45:13,665 | INFO | Market closed
2026-04-22 15:45:18,682 | INFO | Cycle start
2026-04-22 15:45:18,684 | INFO | Market closed
2026-04-22 15:45:30,703 | INFO | Cycle start
2026-04-22 15:45:30,703 | INFO | Market closed
2026-04-22 15:45:31,642 | INFO | Cycle start
2026-04-22 15:45:31,646 | INFO | Market closed
2026-04-22 15:45:33,470 | INFO | Cycle start
2026-04-22 15:45:33,470 | INFO | Market closed
2026-04-22 15:45:38,075 | INFO | Cycle start
2026-04-22 15:45:38,076 | INFO | Market closed
2026-04-22 15:45:40,921 | INFO | Cycle start
2026-04-22 15:45:40,923 | INFO | Market closed
2026-04-22 15:45:43,395 | INFO | Cycle start
2026-04-22 15:45:43,395 | INFO | Market closed
2026-04-22 15:45:43,672 | INFO | Cycle start
2026-04-22 15:45:43,673 | INFO | Market closed
2026-04-22 15:45:48,693 | INFO | Cycle start
2026-04-22 15:45:48,693 | INFO | Market closed
2026-04-22 15:46:00,720 | INFO | Cycle start
2026-04-22 15:46:00,721 | INFO | Market closed
2026-04-22 15:46:01,651 | INFO | Cycle start
2026-04-22 15:46:01,654 | INFO | Market closed
2026-04-22 15:46:03,484 | INFO | Cycle start
2026-04-22 15:46:03,486 | INFO | Market closed
2026-04-22 15:46:08,088 | INFO | Cycle start
2026-04-22 15:46:08,096 | INFO | Market closed
2026-04-22 15:46:10,936 | INFO | Cycle start
2026-04-22 15:46:10,939 | INFO | Market closed
2026-04-22 15:46:13,407 | INFO | Cycle start
2026-04-22 15:46:13,407 | INFO | Market closed
2026-04-22 15:46:13,690 | INFO | Cycle start
2026-04-22 15:46:13,692 | INFO | Market closed
2026-04-22 15:46:18,706 | INFO | Cycle start
2026-04-22 15:46:18,707 | INFO | Market closed
2026-04-22 15:46:30,733 | INFO | Cycle start
2026-04-22 15:46:30,733 | INFO | Market closed
2026-04-22 15:46:31,659 | INFO | Cycle start
2026-04-22 15:46:31,659 | INFO | Market closed
2026-04-22 15:46:33,501 | INFO | Cycle start
2026-04-22 15:46:33,501 | INFO | Market closed
2026-04-22 15:46:38,099 | INFO | Cycle start
2026-04-22 15:46:38,102 | INFO | Market closed
2026-04-22 15:46:40,943 | INFO | Cycle start
2026-04-22 15:46:40,943 | INFO | Market closed
2026-04-22 15:46:43,413 | INFO | Cycle start
2026-04-22 15:46:43,414 | INFO | Market closed
2026-04-22 15:46:43,696 | INFO | Cycle start
2026-04-22 15:46:43,696 | INFO | Market closed
2026-04-22 15:46:48,711 | INFO | Cycle start
2026-04-22 15:46:48,711 | INFO | Market closed
2026-04-22 15:47:00,748 | INFO | Cycle start
2026-04-22 15:47:00,750 | INFO | Market closed
2026-04-22 15:47:01,660 | INFO | Cycle start
2026-04-22 15:47:01,660 | INFO | Market closed
2026-04-22 15:47:03,503 | INFO | Cycle start
2026-04-22 15:47:03,503 | INFO | Market closed
2026-04-22 15:47:08,109 | INFO | Cycle start
2026-04-22 15:47:08,111 | INFO | Market closed
2026-04-22 15:47:10,955 | INFO | Cycle start
2026-04-22 15:47:10,955 | INFO | Market closed
2026-04-22 15:47:13,424 | INFO | Cycle start
2026-04-22 15:47:13,426 | INFO | Market closed
2026-04-22 15:47:13,709 | INFO | Cycle start
2026-04-22 15:47:13,709 | INFO | Market closed
2026-04-22 15:47:18,716 | INFO | Cycle start
2026-04-22 15:47:18,717 | INFO | Market closed
2026-04-22 15:47:30,768 | INFO | Cycle start
2026-04-22 15:47:30,770 | INFO | Market closed
2026-04-22 15:47:31,662 | INFO | Cycle start
2026-04-22 15:47:31,664 | INFO | Market closed
2026-04-22 15:47:33,518 | INFO | Cycle start
2026-04-22 15:47:33,520 | INFO | Market closed
2026-04-22 15:47:38,121 | INFO | Cycle start
2026-04-22 15:47:38,123 | INFO | Market closed
2026-04-22 15:47:40,962 | INFO | Cycle start
2026-04-22 15:47:40,964 | INFO | Market closed
2026-04-22 15:47:43,430 | INFO | Cycle start
2026-04-22 15:47:43,431 | INFO | Market closed
2026-04-22 15:47:43,711 | INFO | Cycle start
2026-04-22 15:47:43,711 | INFO | Market closed
2026-04-22 15:47:48,725 | INFO | Cycle start
2026-04-22 15:47:48,726 | INFO | Market closed
2026-04-22 15:48:00,780 | INFO | Cycle start
2026-04-22 15:48:00,782 | INFO | Market closed
2026-04-22 15:48:01,680 | INFO | Cycle start
2026-04-22 15:48:01,681 | INFO | Market closed
2026-04-22 15:48:03,535 | INFO | Cycle start
2026-04-22 15:48:03,536 | INFO | Market closed
2026-04-22 15:48:08,131 | INFO | Cycle start
2026-04-22 15:48:08,131 | INFO | Market closed
2026-04-22 15:48:10,979 | INFO | Cycle start
2026-04-22 15:48:10,982 | INFO | Market closed
2026-04-22 15:48:13,439 | INFO | Cycle start
2026-04-22 15:48:13,441 | INFO | Market closed
2026-04-22 15:48:13,725 | INFO | Cycle start
2026-04-22 15:48:13,726 | INFO | Market closed
2026-04-22 15:48:18,730 | INFO | Cycle start
2026-04-22 15:48:18,730 | INFO | Market closed
2026-04-22 15:48:30,791 | INFO | Cycle start
2026-04-22 15:48:30,792 | INFO | Market closed
2026-04-22 15:48:31,688 | INFO | Cycle start
2026-04-22 15:48:31,689 | INFO | Market closed
2026-04-22 15:48:33,541 | INFO | Cycle start
2026-04-22 15:48:33,541 | INFO | Market closed
2026-04-22 15:48:38,146 | INFO | Cycle start
2026-04-22 15:48:38,147 | INFO | Market closed
2026-04-22 15:48:40,988 | INFO | Cycle start
2026-04-22 15:48:40,990 | INFO | Market closed
2026-04-22 15:48:43,451 | INFO | Cycle start
2026-04-22 15:48:43,453 | INFO | Market closed
2026-04-22 15:48:43,732 | INFO | Cycle start
2026-04-22 15:48:43,735 | INFO | Market closed
2026-04-22 15:48:48,739 | INFO | Cycle start
2026-04-22 15:48:48,739 | INFO | Market closed
2026-04-22 15:49:00,806 | INFO | Cycle start
2026-04-22 15:49:00,807 | INFO | Market closed
2026-04-22 15:49:01,695 | INFO | Cycle start
2026-04-22 15:49:01,695 | INFO | Market closed
2026-04-22 15:49:03,550 | INFO | Cycle start
2026-04-22 15:49:03,550 | INFO | Market closed
2026-04-22 15:49:08,148 | INFO | Cycle start
2026-04-22 15:49:08,149 | INFO | Market closed
2026-04-22 15:49:10,992 | INFO | Cycle start
2026-04-22 15:49:10,992 | INFO | Market closed
2026-04-22 15:49:13,460 | INFO | Cycle start
2026-04-22 15:49:13,460 | INFO | Market closed
2026-04-22 15:49:13,747 | INFO | Cycle start
2026-04-22 15:49:13,749 | INFO | Market closed
2026-04-22 15:49:18,747 | INFO | Cycle start
2026-04-22 15:49:18,747 | INFO | Market closed
2026-04-22 15:49:30,811 | INFO | Cycle start
2026-04-22 15:49:30,811 | INFO | Market closed
2026-04-22 15:49:31,698 | INFO | Cycle start
2026-04-22 15:49:31,698 | INFO | Market closed
2026-04-22 15:49:33,553 | INFO | Cycle start
2026-04-22 15:49:33,553 | INFO | Market closed
2026-04-22 15:49:38,154 | INFO | Cycle start
2026-04-22 15:49:38,154 | INFO | Market closed
2026-04-22 15:49:41,008 | INFO | Cycle start
2026-04-22 15:49:41,008 | INFO | Market closed
2026-04-22 15:49:43,465 | INFO | Cycle start
2026-04-22 15:49:43,466 | INFO | Market closed
2026-04-22 15:49:43,759 | INFO | Cycle start
2026-04-22 15:49:43,760 | INFO | Market closed
2026-04-22 15:49:48,757 | INFO | Cycle start
2026-04-22 15:49:48,757 | INFO | Market closed
2026-04-22 15:50:00,820 | INFO | Cycle start
2026-04-22 15:50:00,820 | INFO | Market closed
2026-04-22 15:50:01,698 | INFO | Cycle start
2026-04-22 15:50:01,698 | INFO | Market closed
2026-04-22 15:50:03,567 | INFO | Cycle start
2026-04-22 15:50:03,568 | INFO | Market closed
2026-04-22 15:50:08,170 | INFO | Cycle start
2026-04-22 15:50:08,170 | INFO | Market closed
2026-04-22 15:50:11,019 | INFO | Cycle start
2026-04-22 15:50:11,022 | INFO | Market closed
2026-04-22 15:50:13,475 | INFO | Cycle start
2026-04-22 15:50:13,475 | INFO | Market closed
2026-04-22 15:50:13,761 | INFO | Cycle start
2026-04-22 15:50:13,761 | INFO | Market closed
2026-04-22 15:50:18,767 | INFO | Cycle start
2026-04-22 15:50:18,771 | INFO | Market closed
2026-04-22 15:50:30,836 | INFO | Cycle start
2026-04-22 15:50:30,837 | INFO | Market closed
2026-04-22 15:50:31,702 | INFO | Cycle start
2026-04-22 15:50:31,704 | INFO | Market closed
2026-04-22 15:50:33,572 | INFO | Cycle start
2026-04-22 15:50:33,572 | INFO | Market closed
2026-04-22 15:50:38,187 | INFO | Cycle start
2026-04-22 15:50:38,187 | INFO | Market closed
2026-04-22 15:50:41,030 | INFO | Cycle start
2026-04-22 15:50:41,030 | INFO | Market closed
2026-04-22 15:50:43,488 | INFO | Cycle start
2026-04-22 15:50:43,488 | INFO | Market closed
2026-04-22 15:50:43,776 | INFO | Cycle start
2026-04-22 15:50:43,779 | INFO | Market closed
2026-04-22 15:50:48,778 | INFO | Cycle start
2026-04-22 15:50:48,779 | INFO | Market closed
2026-04-22 15:51:00,851 | INFO | Cycle start
2026-04-22 15:51:00,853 | INFO | Market closed
2026-04-22 15:51:01,717 | INFO | Cycle start
2026-04-22 15:51:01,719 | INFO | Market closed
2026-04-22 15:51:03,584 | INFO | Cycle start
2026-04-22 15:51:03,586 | INFO | Market closed
2026-04-22 15:51:08,193 | INFO | Cycle start
2026-04-22 15:51:08,193 | INFO | Market closed
2026-04-22 15:51:11,044 | INFO | Cycle start
2026-04-22 15:51:11,044 | INFO | Market closed
2026-04-22 15:51:13,503 | INFO | Cycle start
2026-04-22 15:51:13,506 | INFO | Market closed
2026-04-22 15:51:13,784 | INFO | Cycle start
2026-04-22 15:51:13,784 | INFO | Market closed
2026-04-22 15:51:18,784 | INFO | Cycle start
2026-04-22 15:51:18,784 | INFO | Market closed
2026-04-22 15:51:30,858 | INFO | Cycle start
2026-04-22 15:51:30,859 | INFO | Market closed
2026-04-22 15:51:31,727 | INFO | Cycle start
2026-04-22 15:51:31,727 | INFO | Market closed
2026-04-22 15:51:33,599 | INFO | Cycle start
2026-04-22 15:51:33,599 | INFO | Market closed
2026-04-22 15:51:38,205 | INFO | Cycle start
2026-04-22 15:51:38,207 | INFO | Market closed
2026-04-22 15:51:41,053 | INFO | Cycle start
2026-04-22 15:51:41,054 | INFO | Market closed
2026-04-22 15:51:43,516 | INFO | Cycle start
2026-04-22 15:51:43,518 | INFO | Market closed
2026-04-22 15:51:43,797 | INFO | Cycle start
2026-04-22 15:51:43,799 | INFO | Market closed
2026-04-22 15:51:48,788 | INFO | Cycle start
2026-04-22 15:51:48,791 | INFO | Market closed
2026-04-22 15:52:00,864 | INFO | Cycle start
2026-04-22 15:52:00,866 | INFO | Market closed
2026-04-22 15:52:01,743 | INFO | Cycle start
2026-04-22 15:52:01,747 | INFO | Market closed
2026-04-22 15:52:03,604 | INFO | Cycle start
2026-04-22 15:52:03,604 | INFO | Market closed
2026-04-22 15:52:08,210 | INFO | Cycle start
2026-04-22 15:52:08,212 | INFO | Market closed
2026-04-22 15:52:11,065 | INFO | Cycle start
2026-04-22 15:52:11,066 | INFO | Market closed
2026-04-22 15:52:13,531 | INFO | Cycle start
2026-04-22 15:52:13,533 | INFO | Market closed
2026-04-22 15:52:13,801 | INFO | Cycle start
2026-04-22 15:52:13,801 | INFO | Market closed
2026-04-22 15:52:18,799 | INFO | Cycle start
2026-04-22 15:52:18,799 | INFO | Market closed
2026-04-22 15:52:30,873 | INFO | Cycle start
2026-04-22 15:52:30,873 | INFO | Market closed
2026-04-22 15:52:31,747 | INFO | Cycle start
2026-04-22 15:52:31,749 | INFO | Market closed
2026-04-22 15:52:33,620 | INFO | Cycle start
2026-04-22 15:52:33,622 | INFO | Market closed
2026-04-22 15:52:38,224 | INFO | Cycle start
2026-04-22 15:52:38,226 | INFO | Market closed
2026-04-22 15:52:41,070 | INFO | Cycle start
2026-04-22 15:52:41,084 | INFO | Market closed
2026-04-22 15:52:43,537 | INFO | Cycle start
2026-04-22 15:52:43,537 | INFO | Market closed
2026-04-22 15:52:43,814 | INFO | Cycle start
2026-04-22 15:52:43,814 | INFO | Market closed
2026-04-22 15:52:48,803 | INFO | Cycle start
2026-04-22 15:52:48,803 | INFO | Market closed
2026-04-22 15:53:00,889 | INFO | Cycle start
2026-04-22 15:53:00,890 | INFO | Market closed
2026-04-22 15:53:01,753 | INFO | Cycle start
2026-04-22 15:53:01,753 | INFO | Market closed
2026-04-22 15:53:03,630 | INFO | Cycle start
2026-04-22 15:53:03,633 | INFO | Market closed
2026-04-22 15:53:08,230 | INFO | Cycle start
2026-04-22 15:53:08,230 | INFO | Market closed
2026-04-22 15:53:11,107 | INFO | Cycle start
2026-04-22 15:53:11,107 | INFO | Market closed
2026-04-22 15:53:13,540 | INFO | Cycle start
2026-04-22 15:53:13,551 | INFO | Market closed
2026-04-22 15:53:13,820 | INFO | Cycle start
2026-04-22 15:53:13,836 | INFO | Market closed
2026-04-22 15:53:18,808 | INFO | Cycle start
2026-04-22 15:53:18,808 | INFO | Market closed
2026-04-22 15:53:30,902 | INFO | Cycle start
2026-04-22 15:53:30,902 | INFO | Market closed
2026-04-22 15:53:31,760 | INFO | Cycle start
2026-04-22 15:53:31,760 | INFO | Market closed
2026-04-22 15:53:33,638 | INFO | Cycle start
2026-04-22 15:53:33,657 | INFO | Market closed
2026-04-22 15:53:38,245 | INFO | Cycle start
2026-04-22 15:53:38,245 | INFO | Market closed
2026-04-22 15:53:41,118 | INFO | Cycle start
2026-04-22 15:53:41,118 | INFO | Market closed
2026-04-22 15:53:43,569 | INFO | Cycle start
2026-04-22 15:53:43,569 | INFO | Market closed
2026-04-22 15:53:43,843 | INFO | Cycle start
2026-04-22 15:53:43,843 | INFO | Market closed
2026-04-22 15:53:48,810 | INFO | Cycle start
2026-04-22 15:53:48,810 | INFO | Market closed
2026-04-22 15:54:00,905 | INFO | Cycle start
2026-04-22 15:54:00,905 | INFO | Market closed
2026-04-22 15:54:01,775 | INFO | Cycle start
2026-04-22 15:54:01,776 | INFO | Market closed
2026-04-22 15:54:03,659 | INFO | Cycle start
2026-04-22 15:54:03,662 | INFO | Market closed
2026-04-22 15:54:08,252 | INFO | Cycle start
2026-04-22 15:54:08,254 | INFO | Market closed
2026-04-22 15:54:11,127 | INFO | Cycle start
2026-04-22 15:54:11,130 | INFO | Market closed
2026-04-22 15:54:13,580 | INFO | Cycle start
2026-04-22 15:54:13,602 | INFO | Market closed
2026-04-22 15:54:13,858 | INFO | Cycle start
2026-04-22 15:54:13,858 | INFO | Market closed
2026-04-22 15:54:18,818 | INFO | Cycle start
2026-04-22 15:54:18,819 | INFO | Market closed
2026-04-22 15:54:30,916 | INFO | Cycle start
2026-04-22 15:54:30,919 | INFO | Market closed
2026-04-22 15:54:31,787 | INFO | Cycle start
2026-04-22 15:54:31,788 | INFO | Market closed
2026-04-22 15:54:33,670 | INFO | Cycle start
2026-04-22 15:54:33,671 | INFO | Market closed
2026-04-22 15:54:38,269 | INFO | Cycle start
2026-04-22 15:54:38,269 | INFO | Market closed
2026-04-22 15:54:41,134 | INFO | Cycle start
2026-04-22 15:54:41,134 | INFO | Market closed
2026-04-22 15:54:43,606 | INFO | Cycle start
2026-04-22 15:54:43,608 | INFO | Market closed
2026-04-22 15:54:43,874 | INFO | Cycle start
2026-04-22 15:54:43,874 | INFO | Market closed
2026-04-22 15:54:48,835 | INFO | Cycle start
2026-04-22 15:54:48,835 | INFO | Market closed
2026-04-22 15:55:00,932 | INFO | Cycle start
2026-04-22 15:55:00,932 | INFO | Market closed
2026-04-22 15:55:01,791 | INFO | Cycle start
2026-04-22 15:55:01,791 | INFO | Market closed
2026-04-22 15:55:03,682 | INFO | Cycle start
2026-04-22 15:55:03,684 | INFO | Market closed
2026-04-22 15:55:08,275 | INFO | Cycle start
2026-04-22 15:55:08,277 | INFO | Market closed
2026-04-22 15:55:11,141 | INFO | Cycle start
2026-04-22 15:55:11,143 | INFO | Market closed
2026-04-22 15:55:13,615 | INFO | Cycle start
2026-04-22 15:55:13,619 | INFO | Market closed
2026-04-22 15:55:13,882 | INFO | Cycle start
2026-04-22 15:55:13,882 | INFO | Market closed
2026-04-22 15:55:18,840 | INFO | Cycle start
2026-04-22 15:55:18,840 | INFO | Market closed
2026-04-22 15:55:30,934 | INFO | Cycle start
2026-04-22 15:55:30,935 | INFO | Market closed
2026-04-22 15:55:31,793 | INFO | Cycle start
2026-04-22 15:55:31,793 | INFO | Market closed
2026-04-22 15:55:33,693 | INFO | Cycle start
2026-04-22 15:55:33,693 | INFO | Market closed
2026-04-22 15:55:38,290 | INFO | Cycle start
2026-04-22 15:55:38,291 | INFO | Market closed
2026-04-22 15:55:41,151 | INFO | Cycle start
2026-04-22 15:55:41,151 | INFO | Market closed
2026-04-22 15:55:43,634 | INFO | Cycle start
2026-04-22 15:55:43,634 | INFO | Market closed
2026-04-22 15:55:43,892 | INFO | Cycle start
2026-04-22 15:55:43,892 | INFO | Market closed
2026-04-22 15:55:48,854 | INFO | Cycle start
2026-04-22 15:55:48,856 | INFO | Market closed
2026-04-22 15:56:00,936 | INFO | Cycle start
2026-04-22 15:56:00,936 | INFO | Market closed
2026-04-22 15:56:01,794 | INFO | Cycle start
2026-04-22 15:56:01,794 | INFO | Market closed
2026-04-22 15:56:03,694 | INFO | Cycle start
2026-04-22 15:56:03,698 | INFO | Market closed
2026-04-22 15:56:08,302 | INFO | Cycle start
2026-04-22 15:56:08,302 | INFO | Market closed
2026-04-22 15:56:11,153 | INFO | Cycle start
2026-04-22 15:56:11,154 | INFO | Market closed
2026-04-22 15:56:13,646 | INFO | Cycle start
2026-04-22 15:56:13,646 | INFO | Market closed
2026-04-22 15:56:13,901 | INFO | Cycle start
2026-04-22 15:56:13,901 | INFO | Market closed
2026-04-22 15:56:18,865 | INFO | Cycle start
2026-04-22 15:56:18,865 | INFO | Market closed
2026-04-22 15:56:30,938 | INFO | Cycle start
2026-04-22 15:56:30,939 | INFO | Market closed
2026-04-22 15:56:31,807 | INFO | Cycle start
2026-04-22 15:56:31,808 | INFO | Market closed
2026-04-22 15:56:33,699 | INFO | Cycle start
2026-04-22 15:56:33,701 | INFO | Market closed
2026-04-22 15:56:38,313 | INFO | Cycle start
2026-04-22 15:56:38,313 | INFO | Market closed
2026-04-22 15:56:41,170 | INFO | Cycle start
2026-04-22 15:56:41,170 | INFO | Market closed
2026-04-22 15:56:43,649 | INFO | Cycle start
2026-04-22 15:56:43,649 | INFO | Market closed
2026-04-22 15:56:43,911 | INFO | Cycle start
2026-04-22 15:56:43,911 | INFO | Market closed
2026-04-22 15:56:48,880 | INFO | Cycle start
2026-04-22 15:56:48,880 | INFO | Market closed
2026-04-22 15:57:00,944 | INFO | Cycle start
2026-04-22 15:57:00,944 | INFO | Market closed
2026-04-22 15:57:01,809 | INFO | Cycle start
2026-04-22 15:57:01,812 | INFO | Market closed
2026-04-22 15:57:03,704 | INFO | Cycle start
2026-04-22 15:57:03,704 | INFO | Market closed
2026-04-22 15:57:08,314 | INFO | Cycle start
2026-04-22 15:57:08,314 | INFO | Market closed
2026-04-22 15:57:11,175 | INFO | Cycle start
2026-04-22 15:57:11,175 | INFO | Market closed
2026-04-22 15:57:13,662 | INFO | Cycle start
2026-04-22 15:57:13,666 | INFO | Market closed
2026-04-22 15:57:13,918 | INFO | Cycle start
2026-04-22 15:57:13,918 | INFO | Market closed
2026-04-22 15:57:18,889 | INFO | Cycle start
2026-04-22 15:57:18,889 | INFO | Market closed
2026-04-22 15:57:30,956 | INFO | Cycle start
2026-04-22 15:57:30,957 | INFO | Market closed
2026-04-22 15:57:31,813 | INFO | Cycle start
2026-04-22 15:57:31,814 | INFO | Market closed
2026-04-22 15:57:33,712 | INFO | Cycle start
2026-04-22 15:57:33,712 | INFO | Market closed
2026-04-22 15:57:38,324 | INFO | Cycle start
2026-04-22 15:57:38,327 | INFO | Market closed
2026-04-22 15:57:41,178 | INFO | Cycle start
2026-04-22 15:57:41,178 | INFO | Market closed
2026-04-22 15:57:43,690 | INFO | Cycle start
2026-04-22 15:57:43,691 | INFO | Market closed
2026-04-22 15:57:43,933 | INFO | Cycle start
2026-04-22 15:57:43,933 | INFO | Market closed
2026-04-22 15:57:48,903 | INFO | Cycle start
2026-04-22 15:57:48,905 | INFO | Market closed
2026-04-22 15:58:00,958 | INFO | Cycle start
2026-04-22 15:58:00,958 | INFO | Market closed
2026-04-22 15:58:01,824 | INFO | Cycle start
2026-04-22 15:58:01,824 | INFO | Market closed
2026-04-22 15:58:03,725 | INFO | Cycle start
2026-04-22 15:58:03,725 | INFO | Market closed
2026-04-22 15:58:08,334 | INFO | Cycle start
2026-04-22 15:58:08,336 | INFO | Market closed
2026-04-22 15:58:11,185 | INFO | Cycle start
2026-04-22 15:58:11,187 | INFO | Market closed
2026-04-22 15:58:13,703 | INFO | Cycle start
2026-04-22 15:58:13,703 | INFO | Market closed
2026-04-22 15:58:13,949 | INFO | Cycle start
2026-04-22 15:58:13,951 | INFO | Market closed
2026-04-22 15:58:18,915 | INFO | Cycle start
2026-04-22 15:58:18,918 | INFO | Market closed
2026-04-22 15:58:30,967 | INFO | Cycle start
2026-04-22 15:58:30,967 | INFO | Market closed
2026-04-22 15:58:31,831 | INFO | Cycle start
2026-04-22 15:58:31,831 | INFO | Market closed
2026-04-22 15:58:33,730 | INFO | Cycle start
2026-04-22 15:58:33,732 | INFO | Market closed
2026-04-22 15:58:38,337 | INFO | Cycle start
2026-04-22 15:58:38,339 | INFO | Market closed
2026-04-22 15:58:41,196 | INFO | Cycle start
2026-04-22 15:58:41,198 | INFO | Market closed
2026-04-22 15:58:43,712 | INFO | Cycle start
2026-04-22 15:58:43,712 | INFO | Market closed
2026-04-22 15:58:43,963 | INFO | Cycle start
2026-04-22 15:58:43,963 | INFO | Market closed
2026-04-22 15:58:48,935 | INFO | Cycle start
2026-04-22 15:58:48,935 | INFO | Market closed
2026-04-22 15:59:00,973 | INFO | Cycle start
2026-04-22 15:59:00,977 | INFO | Market closed
2026-04-22 15:59:01,832 | INFO | Cycle start
2026-04-22 15:59:01,833 | INFO | Market closed
2026-04-22 15:59:03,738 | INFO | Cycle start
2026-04-22 15:59:03,738 | INFO | Market closed
2026-04-22 15:59:08,354 | INFO | Cycle start
2026-04-22 15:59:08,356 | INFO | Market closed
2026-04-22 15:59:11,213 | INFO | Cycle start
2026-04-22 15:59:11,215 | INFO | Market closed
2026-04-22 15:59:13,713 | INFO | Cycle start
2026-04-22 15:59:13,714 | INFO | Market closed
2026-04-22 15:59:13,974 | INFO | Cycle start
2026-04-22 15:59:13,974 | INFO | Market closed
2026-04-22 15:59:18,943 | INFO | Cycle start
2026-04-22 15:59:18,945 | INFO | Market closed
2026-04-22 15:59:30,993 | INFO | Cycle start
2026-04-22 15:59:30,994 | INFO | Market closed
2026-04-22 15:59:31,846 | INFO | Cycle start
2026-04-22 15:59:31,846 | INFO | Market closed
2026-04-22 15:59:33,745 | INFO | Cycle start
2026-04-22 15:59:33,747 | INFO | Market closed
2026-04-22 15:59:38,363 | INFO | Cycle start
2026-04-22 15:59:38,363 | INFO | Market closed
2026-04-22 15:59:41,223 | INFO | Cycle start
2026-04-22 15:59:41,225 | INFO | Market closed
2026-04-22 15:59:43,722 | INFO | Cycle start
2026-04-22 15:59:43,722 | INFO | Market closed
2026-04-22 15:59:43,984 | INFO | Cycle start
2026-04-22 15:59:43,984 | INFO | Market closed
2026-04-22 15:59:48,951 | INFO | Cycle start
2026-04-22 15:59:48,952 | INFO | Market closed
2026-04-22 16:00:01,004 | INFO | Cycle start
2026-04-22 16:00:01,006 | INFO | Market closed
2026-04-22 16:00:01,850 | INFO | Cycle start
2026-04-22 16:00:01,850 | INFO | Market closed
2026-04-22 16:00:03,764 | INFO | Cycle start
2026-04-22 16:00:03,766 | INFO | Market closed
2026-04-22 16:00:08,377 | INFO | Cycle start
2026-04-22 16:00:08,379 | INFO | Market closed
2026-04-22 16:00:11,231 | INFO | Cycle start
2026-04-22 16:00:11,231 | INFO | Market closed
2026-04-22 16:00:13,733 | INFO | Cycle start
2026-04-22 16:00:13,733 | INFO | Market closed
2026-04-22 16:00:13,985 | INFO | Cycle start
2026-04-22 16:00:13,985 | INFO | Market closed
2026-04-22 16:00:18,956 | INFO | Cycle start
2026-04-22 16:00:18,956 | INFO | Market closed
2026-04-22 16:00:31,018 | INFO | Cycle start
2026-04-22 16:00:31,018 | INFO | Market closed
2026-04-22 16:00:31,862 | INFO | Cycle start
2026-04-22 16:00:31,862 | INFO | Market closed
2026-04-22 16:00:33,771 | INFO | Cycle start
2026-04-22 16:00:33,771 | INFO | Market closed
2026-04-22 16:00:38,393 | INFO | Cycle start
2026-04-22 16:00:38,396 | INFO | Market closed
2026-04-22 16:00:41,240 | INFO | Cycle start
2026-04-22 16:00:41,240 | INFO | Market closed
2026-04-22 16:00:43,750 | INFO | Cycle start
2026-04-22 16:00:43,752 | INFO | Market closed
2026-04-22 16:00:43,999 | INFO | Cycle start
2026-04-22 16:00:44,000 | INFO | Market closed
2026-04-22 16:00:48,957 | INFO | Cycle start
2026-04-22 16:00:48,960 | INFO | Market closed
2026-04-22 16:01:01,027 | INFO | Cycle start
2026-04-22 16:01:01,029 | INFO | Market closed
2026-04-22 16:01:01,865 | INFO | Cycle start
2026-04-22 16:01:01,867 | INFO | Market closed
2026-04-22 16:01:03,779 | INFO | Cycle start
2026-04-22 16:01:03,780 | INFO | Market closed
2026-04-22 16:01:08,407 | INFO | Cycle start
2026-04-22 16:01:08,407 | INFO | Market closed
2026-04-22 16:01:11,245 | INFO | Cycle start
2026-04-22 16:01:11,245 | INFO | Market closed
2026-04-22 16:01:13,762 | INFO | Cycle start
2026-04-22 16:01:13,763 | INFO | Market closed
2026-04-22 16:01:14,008 | INFO | Cycle start
2026-04-22 16:01:14,010 | INFO | Market closed
2026-04-22 16:01:18,975 | INFO | Cycle start
2026-04-22 16:01:18,975 | INFO | Market closed
2026-04-22 16:01:31,034 | INFO | Cycle start
2026-04-22 16:01:31,034 | INFO | Market closed
2026-04-22 16:01:31,881 | INFO | Cycle start
2026-04-22 16:01:31,881 | INFO | Market closed
2026-04-22 16:01:33,783 | INFO | Cycle start
2026-04-22 16:01:33,785 | INFO | Market closed
2026-04-22 16:01:38,415 | INFO | Cycle start
2026-04-22 16:01:38,415 | INFO | Market closed
2026-04-22 16:01:41,261 | INFO | Cycle start
2026-04-22 16:01:41,262 | INFO | Market closed
2026-04-22 16:01:43,778 | INFO | Cycle start
2026-04-22 16:01:43,778 | INFO | Market closed
2026-04-22 16:01:44,011 | INFO | Cycle start
2026-04-22 16:01:44,012 | INFO | Market closed
2026-04-22 16:01:48,984 | INFO | Cycle start
2026-04-22 16:01:48,984 | INFO | Market closed
2026-04-22 16:02:01,039 | INFO | Cycle start
2026-04-22 16:02:01,039 | INFO | Market closed
2026-04-22 16:02:01,884 | INFO | Cycle start
2026-04-22 16:02:01,884 | INFO | Market closed
2026-04-22 16:02:03,792 | INFO | Cycle start
2026-04-22 16:02:03,799 | INFO | Market closed
2026-04-22 16:02:08,430 | INFO | Cycle start
2026-04-22 16:02:08,430 | INFO | Market closed
2026-04-22 16:02:11,276 | INFO | Cycle start
2026-04-22 16:02:11,278 | INFO | Market closed
2026-04-22 16:02:13,786 | INFO | Cycle start
2026-04-22 16:02:13,786 | INFO | Market closed
2026-04-22 16:02:14,015 | INFO | Cycle start
2026-04-22 16:02:14,015 | INFO | Market closed
2026-04-22 16:02:18,992 | INFO | Cycle start
2026-04-22 16:02:18,994 | INFO | Market closed
2026-04-22 16:02:31,043 | INFO | Cycle start
2026-04-22 16:02:31,044 | INFO | Market closed
2026-04-22 16:02:31,892 | INFO | Cycle start
2026-04-22 16:02:31,892 | INFO | Market closed
2026-04-22 16:02:33,802 | INFO | Cycle start
2026-04-22 16:02:33,804 | INFO | Market closed
2026-04-22 16:02:38,443 | INFO | Cycle start
2026-04-22 16:02:38,445 | INFO | Market closed
2026-04-22 16:02:41,288 | INFO | Cycle start
2026-04-22 16:02:41,290 | INFO | Market closed
2026-04-22 16:02:43,796 | INFO | Cycle start
2026-04-22 16:02:43,796 | INFO | Market closed
2026-04-22 16:02:44,029 | INFO | Cycle start
2026-04-22 16:02:44,030 | INFO | Market closed
2026-04-22 16:02:49,001 | INFO | Cycle start
2026-04-22 16:02:49,001 | INFO | Market closed
2026-04-22 16:03:01,053 | INFO | Cycle start
2026-04-22 16:03:01,056 | INFO | Market closed
2026-04-22 16:03:01,900 | INFO | Cycle start
2026-04-22 16:03:01,902 | INFO | Market closed
2026-04-22 16:03:03,809 | INFO | Cycle start
2026-04-22 16:03:03,811 | INFO | Market closed
2026-04-22 16:03:08,450 | INFO | Cycle start
2026-04-22 16:03:08,450 | INFO | Market closed
2026-04-22 16:03:11,293 | INFO | Cycle start
2026-04-22 16:03:11,293 | INFO | Market closed
2026-04-22 16:03:13,804 | INFO | Cycle start
2026-04-22 16:03:13,804 | INFO | Market closed
2026-04-22 16:03:14,033 | INFO | Cycle start
2026-04-22 16:03:14,033 | INFO | Market closed
2026-04-22 16:03:19,012 | INFO | Cycle start
2026-04-22 16:03:19,013 | INFO | Market closed
2026-04-22 16:03:31,071 | INFO | Cycle start
2026-04-22 16:03:31,073 | INFO | Market closed
2026-04-22 16:03:31,912 | INFO | Cycle start
2026-04-22 16:03:31,912 | INFO | Market closed
2026-04-22 16:03:33,819 | INFO | Cycle start
2026-04-22 16:03:33,819 | INFO | Market closed
2026-04-22 16:03:38,468 | INFO | Cycle start
2026-04-22 16:03:38,470 | INFO | Market closed
2026-04-22 16:03:41,308 | INFO | Cycle start
2026-04-22 16:03:41,311 | INFO | Market closed
2026-04-22 16:03:43,805 | INFO | Cycle start
2026-04-22 16:03:43,806 | INFO | Market closed
2026-04-22 16:03:44,039 | INFO | Cycle start
2026-04-22 16:03:44,039 | INFO | Market closed
2026-04-22 16:03:49,019 | INFO | Cycle start
2026-04-22 16:03:49,019 | INFO | Market closed
2026-04-22 16:04:01,084 | INFO | Cycle start
2026-04-22 16:04:01,084 | INFO | Market closed
2026-04-22 16:04:01,924 | INFO | Cycle start
2026-04-22 16:04:01,924 | INFO | Market closed
2026-04-22 16:04:03,833 | INFO | Cycle start
2026-04-22 16:04:03,833 | INFO | Market closed
2026-04-22 16:04:08,484 | INFO | Cycle start
2026-04-22 16:04:08,486 | INFO | Market closed
2026-04-22 16:04:11,316 | INFO | Cycle start
2026-04-22 16:04:11,316 | INFO | Market closed
2026-04-22 16:04:13,809 | INFO | Cycle start
2026-04-22 16:04:13,810 | INFO | Market closed
2026-04-22 16:04:14,048 | INFO | Cycle start
2026-04-22 16:04:14,051 | INFO | Market closed
2026-04-22 16:04:19,034 | INFO | Cycle start
2026-04-22 16:04:19,034 | INFO | Market closed
2026-04-22 16:04:31,089 | INFO | Cycle start
2026-04-22 16:04:31,089 | INFO | Market closed
2026-04-22 16:04:31,934 | INFO | Cycle start
2026-04-22 16:04:31,937 | INFO | Market closed
2026-04-22 16:04:33,834 | INFO | Cycle start
2026-04-22 16:04:33,835 | INFO | Market closed
2026-04-22 16:04:38,493 | INFO | Cycle start
2026-04-22 16:04:38,496 | INFO | Market closed
2026-04-22 16:04:41,319 | INFO | Cycle start
2026-04-22 16:04:41,320 | INFO | Market closed
2026-04-22 16:04:43,819 | INFO | Cycle start
2026-04-22 16:04:43,821 | INFO | Market closed
2026-04-22 16:04:44,065 | INFO | Cycle start
2026-04-22 16:04:44,065 | INFO | Market closed
2026-04-22 16:04:49,037 | INFO | Cycle start
2026-04-22 16:04:49,039 | INFO | Market closed
2026-04-22 16:05:01,094 | INFO | Cycle start
2026-04-22 16:05:01,095 | INFO | Market closed
2026-04-22 16:05:01,945 | INFO | Cycle start
2026-04-22 16:05:01,946 | INFO | Market closed
2026-04-22 16:05:03,842 | INFO | Cycle start
2026-04-22 16:05:03,842 | INFO | Market closed
2026-04-22 16:05:08,508 | INFO | Cycle start
2026-04-22 16:05:08,508 | INFO | Market closed
2026-04-22 16:05:11,329 | INFO | Cycle start
2026-04-22 16:05:11,329 | INFO | Market closed
2026-04-22 16:05:13,834 | INFO | Cycle start
2026-04-22 16:05:13,834 | INFO | Market closed
2026-04-22 16:05:14,072 | INFO | Cycle start
2026-04-22 16:05:14,072 | INFO | Market closed
2026-04-22 16:05:19,042 | INFO | Cycle start
2026-04-22 16:05:19,044 | INFO | Market closed
2026-04-22 16:05:31,100 | INFO | Cycle start
2026-04-22 16:05:31,102 | INFO | Market closed
2026-04-22 16:05:31,955 | INFO | Cycle start
2026-04-22 16:05:31,955 | INFO | Market closed
2026-04-22 16:05:33,851 | INFO | Cycle start
2026-04-22 16:05:33,851 | INFO | Market closed
2026-04-22 16:05:38,513 | INFO | Cycle start
2026-04-22 16:05:38,513 | INFO | Market closed
2026-04-22 16:05:41,338 | INFO | Cycle start
2026-04-22 16:05:41,341 | INFO | Market closed
2026-04-22 16:05:43,845 | INFO | Cycle start
2026-04-22 16:05:43,848 | INFO | Market closed
2026-04-22 16:05:44,082 | INFO | Cycle start
2026-04-22 16:05:44,083 | INFO | Market closed
2026-04-22 16:05:49,060 | INFO | Cycle start
2026-04-22 16:05:49,062 | INFO | Market closed
2026-04-22 16:06:01,108 | INFO | Cycle start
2026-04-22 16:06:01,109 | INFO | Market closed
2026-04-22 16:06:01,967 | INFO | Cycle start
2026-04-22 16:06:01,971 | INFO | Market closed
2026-04-22 16:06:03,866 | INFO | Cycle start
2026-04-22 16:06:03,868 | INFO | Market closed
2026-04-22 16:06:08,516 | INFO | Cycle start
2026-04-22 16:06:08,516 | INFO | Market closed
2026-04-22 16:06:11,353 | INFO | Cycle start
2026-04-22 16:06:11,353 | INFO | Market closed
2026-04-22 16:06:13,852 | INFO | Cycle start
2026-04-22 16:06:13,852 | INFO | Market closed
2026-04-22 16:06:14,085 | INFO | Cycle start
2026-04-22 16:06:14,085 | INFO | Market closed
2026-04-22 16:06:19,067 | INFO | Cycle start
2026-04-22 16:06:19,068 | INFO | Market closed
2026-04-22 16:06:31,126 | INFO | Cycle start
2026-04-22 16:06:31,126 | INFO | Market closed
2026-04-22 16:06:31,982 | INFO | Cycle start
2026-04-22 16:06:31,982 | INFO | Market closed
2026-04-22 16:06:33,878 | INFO | Cycle start
2026-04-22 16:06:33,878 | INFO | Market closed
2026-04-22 16:06:38,530 | INFO | Cycle start
2026-04-22 16:06:38,545 | INFO | Market closed
2026-04-22 16:06:41,367 | INFO | Cycle start
2026-04-22 16:06:41,367 | INFO | Market closed
2026-04-22 16:06:43,862 | INFO | Cycle start
2026-04-22 16:06:43,862 | INFO | Market closed
2026-04-22 16:06:44,099 | INFO | Cycle start
2026-04-22 16:06:44,101 | INFO | Market closed
2026-04-22 16:06:49,074 | INFO | Cycle start
2026-04-22 16:06:49,079 | INFO | Market closed
2026-04-22 16:07:01,126 | INFO | Cycle start
2026-04-22 16:07:01,126 | INFO | Market closed
2026-04-22 16:07:01,985 | INFO | Cycle start
2026-04-22 16:07:01,986 | INFO | Market closed
2026-04-22 16:07:03,892 | INFO | Cycle start
2026-04-22 16:07:03,896 | INFO | Market closed
2026-04-22 16:07:08,567 | INFO | Cycle start
2026-04-22 16:07:08,567 | INFO | Market closed
2026-04-22 16:07:11,380 | INFO | Cycle start
2026-04-22 16:07:11,380 | INFO | Market closed
2026-04-22 16:07:13,872 | INFO | Cycle start
2026-04-22 16:07:13,874 | INFO | Market closed
2026-04-22 16:07:14,105 | INFO | Cycle start
2026-04-22 16:07:14,105 | INFO | Market closed
2026-04-22 16:07:19,083 | INFO | Cycle start
2026-04-22 16:07:19,083 | INFO | Market closed
2026-04-22 16:07:31,127 | INFO | Cycle start
2026-04-22 16:07:31,129 | INFO | Market closed
2026-04-22 16:07:31,989 | INFO | Cycle start
2026-04-22 16:07:31,990 | INFO | Market closed
2026-04-22 16:07:33,901 | INFO | Cycle start
2026-04-22 16:07:33,905 | INFO | Market closed
2026-04-22 16:07:38,583 | INFO | Cycle start
2026-04-22 16:07:38,585 | INFO | Market closed
2026-04-22 16:07:41,391 | INFO | Cycle start
2026-04-22 16:07:41,391 | INFO | Market closed
2026-04-22 16:07:43,885 | INFO | Cycle start
2026-04-22 16:07:43,886 | INFO | Market closed
2026-04-22 16:07:44,126 | INFO | Cycle start
2026-04-22 16:07:44,128 | INFO | Market closed
2026-04-22 16:07:49,090 | INFO | Cycle start
2026-04-22 16:07:49,090 | INFO | Market closed
2026-04-22 16:08:01,133 | INFO | Cycle start
2026-04-22 16:08:01,133 | INFO | Market closed
2026-04-22 16:08:02,002 | INFO | Cycle start
2026-04-22 16:08:02,002 | INFO | Market closed
2026-04-22 16:08:03,914 | INFO | Cycle start
2026-04-22 16:08:03,914 | INFO | Market closed
2026-04-22 16:08:08,599 | INFO | Cycle start
2026-04-22 16:08:08,599 | INFO | Market closed
2026-04-22 16:08:11,399 | INFO | Cycle start
2026-04-22 16:08:11,401 | INFO | Market closed
2026-04-22 16:08:13,892 | INFO | Cycle start
2026-04-22 16:08:13,892 | INFO | Market closed
2026-04-22 16:08:14,133 | INFO | Cycle start
2026-04-22 16:08:14,133 | INFO | Market closed
2026-04-22 16:08:19,093 | INFO | Cycle start
2026-04-22 16:08:19,093 | INFO | Market closed
2026-04-22 16:08:31,138 | INFO | Cycle start
2026-04-22 16:08:31,138 | INFO | Market closed
2026-04-22 16:08:32,017 | INFO | Cycle start
2026-04-22 16:08:32,020 | INFO | Market closed
2026-04-22 16:08:33,922 | INFO | Cycle start
2026-04-22 16:08:33,924 | INFO | Market closed
2026-04-22 16:08:38,607 | INFO | Cycle start
2026-04-22 16:08:38,607 | INFO | Market closed
2026-04-22 16:08:41,412 | INFO | Cycle start
2026-04-22 16:08:41,414 | INFO | Market closed
2026-04-22 16:08:43,898 | INFO | Cycle start
2026-04-22 16:08:43,898 | INFO | Market closed
2026-04-22 16:08:44,146 | INFO | Cycle start
2026-04-22 16:08:44,148 | INFO | Market closed
2026-04-22 16:08:49,097 | INFO | Cycle start
2026-04-22 16:08:49,098 | INFO | Market closed
2026-04-22 16:09:01,152 | INFO | Cycle start
2026-04-22 16:09:01,152 | INFO | Market closed
2026-04-22 16:09:02,034 | INFO | Cycle start
2026-04-22 16:09:02,034 | INFO | Market closed
2026-04-22 16:09:03,926 | INFO | Cycle start
2026-04-22 16:09:03,927 | INFO | Market closed
2026-04-22 16:09:08,614 | INFO | Cycle start
2026-04-22 16:09:08,616 | INFO | Market closed
2026-04-22 16:09:11,429 | INFO | Cycle start
2026-04-22 16:09:11,429 | INFO | Market closed
2026-04-22 16:09:13,904 | INFO | Cycle start
2026-04-22 16:09:13,904 | INFO | Market closed
2026-04-22 16:09:14,156 | INFO | Cycle start
2026-04-22 16:09:14,158 | INFO | Market closed
2026-04-22 16:09:19,101 | INFO | Cycle start
2026-04-22 16:09:19,102 | INFO | Market closed
2026-04-22 16:09:31,166 | INFO | Cycle start
2026-04-22 16:09:31,170 | INFO | Market closed
2026-04-22 16:09:32,038 | INFO | Cycle start
2026-04-22 16:09:32,038 | INFO | Market closed
2026-04-22 16:09:33,934 | INFO | Cycle start
2026-04-22 16:09:33,936 | INFO | Market closed
2026-04-22 16:09:38,628 | INFO | Cycle start
2026-04-22 16:09:38,631 | INFO | Market closed
2026-04-22 16:09:41,438 | INFO | Cycle start
2026-04-22 16:09:41,442 | INFO | Market closed
2026-04-22 16:09:43,916 | INFO | Cycle start
2026-04-22 16:09:43,922 | INFO | Market closed
2026-04-22 16:09:44,168 | INFO | Cycle start
2026-04-22 16:09:44,170 | INFO | Market closed
2026-04-22 16:09:49,115 | INFO | Cycle start
2026-04-22 16:09:49,115 | INFO | Market closed
2026-04-22 16:10:01,177 | INFO | Cycle start
2026-04-22 16:10:01,178 | INFO | Market closed
2026-04-22 16:10:02,051 | INFO | Cycle start
2026-04-22 16:10:02,051 | INFO | Market closed
2026-04-22 16:10:03,952 | INFO | Cycle start
2026-04-22 16:10:03,952 | INFO | Market closed
2026-04-22 16:10:08,632 | INFO | Cycle start
2026-04-22 16:10:08,632 | INFO | Market closed
2026-04-22 16:10:11,447 | INFO | Cycle start
2026-04-22 16:10:11,447 | INFO | Market closed
2026-04-22 16:10:13,942 | INFO | Cycle start
2026-04-22 16:10:13,944 | INFO | Market closed
2026-04-22 16:10:14,181 | INFO | Cycle start
2026-04-22 16:10:14,181 | INFO | Market closed
2026-04-22 16:10:19,116 | INFO | Cycle start
2026-04-22 16:10:19,118 | INFO | Market closed
2026-04-22 16:10:31,190 | INFO | Cycle start
2026-04-22 16:10:31,190 | INFO | Market closed
2026-04-22 16:10:32,058 | INFO | Cycle start
2026-04-22 16:10:32,060 | INFO | Market closed
2026-04-22 16:10:33,961 | INFO | Cycle start
2026-04-22 16:10:33,964 | INFO | Market closed
2026-04-22 16:10:38,647 | INFO | Cycle start
2026-04-22 16:10:38,647 | INFO | Market closed
2026-04-22 16:10:41,460 | INFO | Cycle start
2026-04-22 16:10:41,461 | INFO | Market closed
2026-04-22 16:10:43,951 | INFO | Cycle start
2026-04-22 16:10:43,953 | INFO | Market closed
2026-04-22 16:10:44,188 | INFO | Cycle start
2026-04-22 16:10:44,188 | INFO | Market closed
2026-04-22 16:10:49,134 | INFO | Cycle start
2026-04-22 16:10:49,136 | INFO | Market closed
2026-04-22 16:11:01,195 | INFO | Cycle start
2026-04-22 16:11:01,196 | INFO | Market closed
2026-04-22 16:11:02,071 | INFO | Cycle start
2026-04-22 16:11:02,072 | INFO | Market closed
2026-04-22 16:11:03,977 | INFO | Cycle start
2026-04-22 16:11:03,982 | INFO | Market closed
2026-04-22 16:11:08,662 | INFO | Cycle start
2026-04-22 16:11:08,663 | INFO | Market closed
2026-04-22 16:11:11,475 | INFO | Cycle start
2026-04-22 16:11:11,477 | INFO | Market closed
2026-04-22 16:11:13,961 | INFO | Cycle start
2026-04-22 16:11:13,961 | INFO | Market closed
2026-04-22 16:11:14,193 | INFO | Cycle start
2026-04-22 16:11:14,193 | INFO | Market closed
2026-04-22 16:11:19,150 | INFO | Cycle start
2026-04-22 16:11:19,150 | INFO | Market closed
2026-04-22 16:11:31,203 | INFO | Cycle start
2026-04-22 16:11:31,205 | INFO | Market closed
2026-04-22 16:11:32,072 | INFO | Cycle start
2026-04-22 16:11:32,072 | INFO | Market closed
2026-04-22 16:11:33,997 | INFO | Cycle start
2026-04-22 16:11:33,997 | INFO | Market closed
2026-04-22 16:11:38,674 | INFO | Cycle start
2026-04-22 16:11:38,676 | INFO | Market closed
2026-04-22 16:11:41,480 | INFO | Cycle start
2026-04-22 16:11:41,480 | INFO | Market closed
2026-04-22 16:11:43,971 | INFO | Cycle start
2026-04-22 16:11:43,972 | INFO | Market closed
2026-04-22 16:11:44,203 | INFO | Cycle start
2026-04-22 16:11:44,203 | INFO | Market closed
2026-04-22 16:11:49,160 | INFO | Cycle start
2026-04-22 16:11:49,161 | INFO | Market closed
2026-04-22 16:12:01,215 | INFO | Cycle start
2026-04-22 16:12:01,215 | INFO | Market closed
2026-04-22 16:12:02,077 | INFO | Cycle start
2026-04-22 16:12:02,078 | INFO | Market closed
2026-04-22 16:12:04,001 | INFO | Cycle start
2026-04-22 16:12:04,003 | INFO | Market closed
2026-04-22 16:12:08,690 | INFO | Cycle start
2026-04-22 16:12:08,690 | INFO | Market closed
2026-04-22 16:12:11,482 | INFO | Cycle start
2026-04-22 16:12:11,484 | INFO | Market closed
2026-04-22 16:12:13,977 | INFO | Cycle start
2026-04-22 16:12:13,977 | INFO | Market closed
2026-04-22 16:12:14,211 | INFO | Cycle start
2026-04-22 16:12:14,212 | INFO | Market closed
2026-04-22 16:12:19,166 | INFO | Cycle start
2026-04-22 16:12:19,166 | INFO | Market closed
2026-04-22 16:12:31,216 | INFO | Cycle start
2026-04-22 16:12:31,216 | INFO | Market closed
2026-04-22 16:12:32,085 | INFO | Cycle start
2026-04-22 16:12:32,086 | INFO | Market closed
2026-04-22 16:12:34,006 | INFO | Cycle start
2026-04-22 16:12:34,006 | INFO | Market closed
2026-04-22 16:12:38,697 | INFO | Cycle start
2026-04-22 16:12:38,699 | INFO | Market closed
2026-04-22 16:12:41,496 | INFO | Cycle start
2026-04-22 16:12:41,498 | INFO | Market closed
2026-04-22 16:12:43,985 | INFO | Cycle start
2026-04-22 16:12:43,985 | INFO | Market closed
2026-04-22 16:12:44,230 | INFO | Cycle start
2026-04-22 16:12:44,232 | INFO | Market closed
2026-04-22 16:12:49,170 | INFO | Cycle start
2026-04-22 16:12:49,176 | INFO | Market closed
2026-04-22 16:13:01,222 | INFO | Cycle start
2026-04-22 16:13:01,223 | INFO | Market closed
2026-04-22 16:13:02,098 | INFO | Cycle start
2026-04-22 16:13:02,100 | INFO | Market closed
2026-04-22 16:13:04,009 | INFO | Cycle start
2026-04-22 16:13:04,009 | INFO | Market closed
2026-04-22 16:13:08,710 | INFO | Cycle start
2026-04-22 16:13:08,712 | INFO | Market closed
2026-04-22 16:13:11,507 | INFO | Cycle start
2026-04-22 16:13:11,509 | INFO | Market closed
2026-04-22 16:13:13,995 | INFO | Cycle start
2026-04-22 16:13:13,997 | INFO | Market closed
2026-04-22 16:13:14,249 | INFO | Cycle start
2026-04-22 16:13:14,249 | INFO | Market closed
2026-04-22 16:13:19,180 | INFO | Cycle start
2026-04-22 16:13:19,181 | INFO | Market closed
2026-04-22 16:13:31,231 | INFO | Cycle start
2026-04-22 16:13:31,235 | INFO | Market closed
2026-04-22 16:13:32,105 | INFO | Cycle start
2026-04-22 16:13:32,105 | INFO | Market closed
2026-04-22 16:13:34,015 | INFO | Cycle start
2026-04-22 16:13:34,015 | INFO | Market closed
2026-04-22 16:13:38,717 | INFO | Cycle start
2026-04-22 16:13:38,717 | INFO | Market closed
2026-04-22 16:13:41,525 | INFO | Cycle start
2026-04-22 16:13:41,528 | INFO | Market closed
2026-04-22 16:13:43,987 | INFO | Cycle start
2026-04-22 16:13:43,987 | INFO | Market closed
2026-04-22 16:13:44,263 | INFO | Cycle start
2026-04-22 16:13:44,266 | INFO | Market closed
2026-04-22 16:13:49,186 | INFO | Cycle start
2026-04-22 16:13:49,186 | INFO | Market closed
2026-04-22 16:14:01,237 | INFO | Cycle start
2026-04-22 16:14:01,237 | INFO | Market closed
2026-04-22 16:14:02,113 | INFO | Cycle start
2026-04-22 16:14:02,115 | INFO | Market closed
2026-04-22 16:14:04,017 | INFO | Cycle start
2026-04-22 16:14:04,017 | INFO | Market closed
2026-04-22 16:14:08,728 | INFO | Cycle start
2026-04-22 16:14:08,728 | INFO | Market closed
2026-04-22 16:14:11,542 | INFO | Cycle start
2026-04-22 16:14:11,543 | INFO | Market closed
2026-04-22 16:14:14,006 | INFO | Cycle start
2026-04-22 16:14:14,006 | INFO | Market closed
2026-04-22 16:14:14,278 | INFO | Cycle start
2026-04-22 16:14:14,280 | INFO | Market closed
2026-04-22 16:14:19,198 | INFO | Cycle start
2026-04-22 16:14:19,200 | INFO | Market closed
2026-04-22 16:14:31,255 | INFO | Cycle start
2026-04-22 16:14:31,255 | INFO | Market closed
2026-04-22 16:14:32,131 | INFO | Cycle start
2026-04-22 16:14:32,132 | INFO | Market closed
2026-04-22 16:14:34,024 | INFO | Cycle start
2026-04-22 16:14:34,024 | INFO | Market closed
2026-04-22 16:14:38,742 | INFO | Cycle start
2026-04-22 16:14:38,746 | INFO | Market closed
2026-04-22 16:14:41,549 | INFO | Cycle start
2026-04-22 16:14:41,550 | INFO | Market closed
2026-04-22 16:14:44,013 | INFO | Cycle start
2026-04-22 16:14:44,016 | INFO | Market closed
2026-04-22 16:14:44,295 | INFO | Cycle start
2026-04-22 16:14:44,295 | INFO | Market closed
2026-04-22 16:14:49,214 | INFO | Cycle start
2026-04-22 16:14:49,214 | INFO | Market closed
2026-04-22 16:15:01,263 | INFO | Cycle start
2026-04-22 16:15:01,264 | INFO | Market closed
2026-04-22 16:15:02,136 | INFO | Cycle start
2026-04-22 16:15:02,136 | INFO | Market closed
2026-04-22 16:15:04,034 | INFO | Cycle start
2026-04-22 16:15:04,035 | INFO | Market closed
2026-04-22 16:15:08,754 | INFO | Cycle start
2026-04-22 16:15:08,754 | INFO | Market closed
2026-04-22 16:15:11,554 | INFO | Cycle start
2026-04-22 16:15:11,554 | INFO | Market closed
2026-04-22 16:15:14,017 | INFO | Cycle start
2026-04-22 16:15:14,017 | INFO | Market closed
2026-04-22 16:15:14,309 | INFO | Cycle start
2026-04-22 16:15:14,311 | INFO | Market closed
2026-04-22 16:15:19,229 | INFO | Cycle start
2026-04-22 16:15:19,229 | INFO | Market closed
2026-04-22 16:15:31,266 | INFO | Cycle start
2026-04-22 16:15:31,266 | INFO | Market closed
2026-04-22 16:15:32,149 | INFO | Cycle start
2026-04-22 16:15:32,149 | INFO | Market closed
2026-04-22 16:15:34,037 | INFO | Cycle start
2026-04-22 16:15:34,037 | INFO | Market closed
2026-04-22 16:15:38,772 | INFO | Cycle start
2026-04-22 16:15:38,773 | INFO | Market closed
2026-04-22 16:15:41,562 | INFO | Cycle start
2026-04-22 16:15:41,563 | INFO | Market closed
2026-04-22 16:15:44,023 | INFO | Cycle start
2026-04-22 16:15:44,023 | INFO | Market closed
2026-04-22 16:15:44,317 | INFO | Cycle start
2026-04-22 16:15:44,317 | INFO | Market closed
2026-04-22 16:15:49,236 | INFO | Cycle start
2026-04-22 16:15:49,236 | INFO | Market closed
2026-04-22 16:16:01,280 | INFO | Cycle start
2026-04-22 16:16:01,283 | INFO | Market closed
2026-04-22 16:16:02,155 | INFO | Cycle start
2026-04-22 16:16:02,155 | INFO | Market closed
2026-04-22 16:16:04,041 | INFO | Cycle start
2026-04-22 16:16:04,042 | INFO | Market closed
2026-04-22 16:16:08,785 | INFO | Cycle start
2026-04-22 16:16:08,785 | INFO | Market closed
2026-04-22 16:16:11,578 | INFO | Cycle start
2026-04-22 16:16:11,580 | INFO | Market closed
2026-04-22 16:16:14,035 | INFO | Cycle start
2026-04-22 16:16:14,039 | INFO | Market closed
2026-04-22 16:16:14,334 | INFO | Cycle start
2026-04-22 16:16:14,335 | INFO | Market closed
2026-04-22 16:16:19,248 | INFO | Cycle start
2026-04-22 16:16:19,249 | INFO | Market closed
2026-04-22 16:16:31,297 | INFO | Cycle start
2026-04-22 16:16:31,299 | INFO | Market closed
2026-04-22 16:16:32,171 | INFO | Cycle start
2026-04-22 16:16:32,173 | INFO | Market closed
2026-04-22 16:16:34,055 | INFO | Cycle start
2026-04-22 16:16:34,057 | INFO | Market closed
2026-04-22 16:16:38,791 | INFO | Cycle start
2026-04-22 16:16:38,791 | INFO | Market closed
2026-04-22 16:16:41,595 | INFO | Cycle start
2026-04-22 16:16:41,595 | INFO | Market closed
2026-04-22 16:16:44,055 | INFO | Cycle start
2026-04-22 16:16:44,055 | INFO | Market closed
2026-04-22 16:16:44,350 | INFO | Cycle start
2026-04-22 16:16:44,350 | INFO | Market closed
2026-04-22 16:16:49,251 | INFO | Cycle start
2026-04-22 16:16:49,252 | INFO | Market closed
2026-04-22 16:17:01,315 | INFO | Cycle start
2026-04-22 16:17:01,317 | INFO | Market closed
2026-04-22 16:17:02,186 | INFO | Cycle start
2026-04-22 16:17:02,187 | INFO | Market closed
2026-04-22 16:17:04,063 | INFO | Cycle start
2026-04-22 16:17:04,063 | INFO | Market closed
2026-04-22 16:17:08,794 | INFO | Cycle start
2026-04-22 16:17:08,795 | INFO | Market closed
2026-04-22 16:17:11,607 | INFO | Cycle start
2026-04-22 16:17:11,609 | INFO | Market closed
2026-04-22 16:17:14,058 | INFO | Cycle start
2026-04-22 16:17:14,060 | INFO | Market closed
2026-04-22 16:17:14,360 | INFO | Cycle start
2026-04-22 16:17:14,363 | INFO | Market closed
2026-04-22 16:17:19,269 | INFO | Cycle start
2026-04-22 16:17:19,269 | INFO | Market closed
2026-04-22 16:17:31,320 | INFO | Cycle start
2026-04-22 16:17:31,321 | INFO | Market closed
2026-04-22 16:17:32,194 | INFO | Cycle start
2026-04-22 16:17:32,197 | INFO | Market closed
2026-04-22 16:17:34,077 | INFO | Cycle start
2026-04-22 16:17:34,077 | INFO | Market closed
2026-04-22 16:17:38,803 | INFO | Cycle start
2026-04-22 16:17:38,805 | INFO | Market closed
2026-04-22 16:17:41,611 | INFO | Cycle start
2026-04-22 16:17:41,612 | INFO | Market closed
2026-04-22 16:17:44,065 | INFO | Cycle start
2026-04-22 16:17:44,071 | INFO | Market closed
2026-04-22 16:17:44,374 | INFO | Cycle start
2026-04-22 16:17:44,375 | INFO | Market closed
2026-04-22 16:17:49,282 | INFO | Cycle start
2026-04-22 16:17:49,284 | INFO | Market closed
2026-04-22 16:18:01,332 | INFO | Cycle start
2026-04-22 16:18:01,335 | INFO | Market closed
2026-04-22 16:18:02,207 | INFO | Cycle start
2026-04-22 16:18:02,208 | INFO | Market closed
2026-04-22 16:18:04,088 | INFO | Cycle start
2026-04-22 16:18:04,090 | INFO | Market closed
2026-04-22 16:18:08,820 | INFO | Cycle start
2026-04-22 16:18:08,822 | INFO | Market closed
2026-04-22 16:18:11,619 | INFO | Cycle start
2026-04-22 16:18:11,619 | INFO | Market closed
2026-04-22 16:18:14,086 | INFO | Cycle start
2026-04-22 16:18:14,086 | INFO | Market closed
2026-04-22 16:18:14,385 | INFO | Cycle start
2026-04-22 16:18:14,385 | INFO | Market closed
2026-04-22 16:18:19,289 | INFO | Cycle start
2026-04-22 16:18:19,289 | INFO | Market closed
2026-04-22 16:18:31,354 | INFO | Cycle start
2026-04-22 16:18:31,355 | INFO | Market closed
2026-04-22 16:18:32,214 | INFO | Cycle start
2026-04-22 16:18:32,217 | INFO | Market closed
2026-04-22 16:18:34,099 | INFO | Cycle start
2026-04-22 16:18:34,102 | INFO | Market closed
2026-04-22 16:18:38,830 | INFO | Cycle start
2026-04-22 16:18:38,833 | INFO | Market closed
2026-04-22 16:18:41,622 | INFO | Cycle start
2026-04-22 16:18:41,622 | INFO | Market closed
2026-04-22 16:18:44,093 | INFO | Cycle start
2026-04-22 16:18:44,093 | INFO | Market closed
2026-04-22 16:18:44,377 | INFO | Cycle start
2026-04-22 16:18:44,378 | INFO | Market closed
2026-04-22 16:18:49,295 | INFO | Cycle start
2026-04-22 16:18:49,296 | INFO | Market closed
2026-04-22 16:19:01,367 | INFO | Cycle start
2026-04-22 16:19:01,367 | INFO | Market closed
2026-04-22 16:19:02,222 | INFO | Cycle start
2026-04-22 16:19:02,222 | INFO | Market closed
2026-04-22 16:19:04,110 | INFO | Cycle start
2026-04-22 16:19:04,110 | INFO | Market closed
2026-04-22 16:19:08,837 | INFO | Cycle start
2026-04-22 16:19:08,837 | INFO | Market closed
2026-04-22 16:19:11,627 | INFO | Cycle start
2026-04-22 16:19:11,627 | INFO | Market closed
2026-04-22 16:19:14,105 | INFO | Cycle start
2026-04-22 16:19:14,107 | INFO | Market closed
2026-04-22 16:19:14,388 | INFO | Cycle start
2026-04-22 16:19:14,388 | INFO | Market closed
2026-04-22 16:19:19,298 | INFO | Cycle start
2026-04-22 16:19:19,298 | INFO | Market closed
2026-04-22 16:19:31,371 | INFO | Cycle start
2026-04-22 16:19:31,371 | INFO | Market closed
2026-04-22 16:19:32,238 | INFO | Cycle start
2026-04-22 16:19:32,238 | INFO | Market closed
2026-04-22 16:19:34,132 | INFO | Cycle start
2026-04-22 16:19:34,132 | INFO | Market closed
2026-04-22 16:19:38,849 | INFO | Cycle start
2026-04-22 16:19:38,849 | INFO | Market closed
2026-04-22 16:19:41,631 | INFO | Cycle start
2026-04-22 16:19:41,631 | INFO | Market closed
2026-04-22 16:19:44,113 | INFO | Cycle start
2026-04-22 16:19:44,117 | INFO | Market closed
2026-04-22 16:19:44,403 | INFO | Cycle start
2026-04-22 16:19:44,414 | INFO | Market closed
2026-04-22 16:19:49,300 | INFO | Cycle start
2026-04-22 16:19:49,300 | INFO | Market closed
2026-04-22 16:20:01,373 | INFO | Cycle start
2026-04-22 16:20:01,373 | INFO | Market closed
2026-04-22 16:20:02,248 | INFO | Cycle start
2026-04-22 16:20:02,249 | INFO | Market closed
2026-04-22 16:20:04,146 | INFO | Cycle start
2026-04-22 16:20:04,147 | INFO | Market closed
2026-04-22 16:20:08,850 | INFO | Cycle start
2026-04-22 16:20:08,851 | INFO | Market closed
2026-04-22 16:20:11,636 | INFO | Cycle start
2026-04-22 16:20:11,636 | INFO | Market closed
2026-04-22 16:20:14,123 | INFO | Cycle start
2026-04-22 16:20:14,124 | INFO | Market closed
2026-04-22 16:20:14,427 | INFO | Cycle start
2026-04-22 16:20:14,430 | INFO | Market closed
2026-04-22 16:20:19,315 | INFO | Cycle start
2026-04-22 16:20:19,315 | INFO | Market closed
2026-04-22 16:20:31,376 | INFO | Cycle start
2026-04-22 16:20:31,378 | INFO | Market closed
2026-04-22 16:20:32,259 | INFO | Cycle start
2026-04-22 16:20:32,259 | INFO | Market closed
2026-04-22 16:20:34,150 | INFO | Cycle start
2026-04-22 16:20:34,150 | INFO | Market closed
2026-04-22 16:20:38,852 | INFO | Cycle start
2026-04-22 16:20:38,852 | INFO | Market closed
2026-04-22 16:20:41,644 | INFO | Cycle start
2026-04-22 16:20:41,644 | INFO | Market closed
2026-04-22 16:20:44,139 | INFO | Cycle start
2026-04-22 16:20:44,141 | INFO | Market closed
2026-04-22 16:20:44,445 | INFO | Cycle start
2026-04-22 16:20:44,445 | INFO | Market closed
2026-04-22 16:20:49,327 | INFO | Cycle start
2026-04-22 16:20:49,329 | INFO | Market closed
2026-04-22 16:21:01,387 | INFO | Cycle start
2026-04-22 16:21:01,387 | INFO | Market closed
2026-04-22 16:21:02,275 | INFO | Cycle start
2026-04-22 16:21:02,275 | INFO | Market closed
2026-04-22 16:21:04,169 | INFO | Cycle start
2026-04-22 16:21:04,170 | INFO | Market closed
2026-04-22 16:21:08,863 | INFO | Cycle start
2026-04-22 16:21:08,863 | INFO | Market closed
2026-04-22 16:21:11,648 | INFO | Cycle start
2026-04-22 16:21:11,648 | INFO | Market closed
2026-04-22 16:21:14,145 | INFO | Cycle start
2026-04-22 16:21:14,145 | INFO | Market closed
2026-04-22 16:21:14,446 | INFO | Cycle start
2026-04-22 16:21:14,447 | INFO | Market closed
2026-04-22 16:21:19,341 | INFO | Cycle start
2026-04-22 16:21:19,343 | INFO | Market closed
2026-04-22 16:21:31,387 | INFO | Cycle start
2026-04-22 16:21:31,392 | INFO | Market closed
2026-04-22 16:21:32,280 | INFO | Cycle start
2026-04-22 16:21:32,281 | INFO | Market closed
2026-04-22 16:21:34,184 | INFO | Cycle start
2026-04-22 16:21:34,186 | INFO | Market closed
2026-04-22 16:21:38,879 | INFO | Cycle start
2026-04-22 16:21:38,879 | INFO | Market closed
2026-04-22 16:21:41,651 | INFO | Cycle start
2026-04-22 16:21:41,651 | INFO | Market closed
2026-04-22 16:21:44,162 | INFO | Cycle start
2026-04-22 16:21:44,164 | INFO | Market closed
2026-04-22 16:21:44,454 | INFO | Cycle start
2026-04-22 16:21:44,458 | INFO | Market closed
2026-04-22 16:21:49,356 | INFO | Cycle start
2026-04-22 16:21:49,356 | INFO | Market closed
2026-04-22 16:22:01,405 | INFO | Cycle start
2026-04-22 16:22:01,407 | INFO | Market closed
2026-04-22 16:22:02,286 | INFO | Cycle start
2026-04-22 16:22:02,286 | INFO | Market closed
2026-04-22 16:22:04,198 | INFO | Cycle start
2026-04-22 16:22:04,202 | INFO | Market closed
2026-04-22 16:22:08,889 | INFO | Cycle start
2026-04-22 16:22:08,892 | INFO | Market closed
2026-04-22 16:22:11,664 | INFO | Cycle start
2026-04-22 16:22:11,666 | INFO | Market closed
2026-04-22 16:22:14,177 | INFO | Cycle start
2026-04-22 16:22:14,179 | INFO | Market closed
2026-04-22 16:22:14,460 | INFO | Cycle start
2026-04-22 16:22:14,460 | INFO | Market closed
2026-04-22 16:22:19,365 | INFO | Cycle start
2026-04-22 16:22:19,367 | INFO | Market closed
2026-04-22 16:22:31,414 | INFO | Cycle start
2026-04-22 16:22:31,416 | INFO | Market closed
2026-04-22 16:22:32,300 | INFO | Cycle start
2026-04-22 16:22:32,300 | INFO | Market closed
2026-04-22 16:22:34,215 | INFO | Cycle start
2026-04-22 16:22:34,215 | INFO | Market closed
2026-04-22 16:22:38,904 | INFO | Cycle start
2026-04-22 16:22:38,906 | INFO | Market closed
2026-04-22 16:22:41,669 | INFO | Cycle start
2026-04-22 16:22:41,669 | INFO | Market closed
2026-04-22 16:22:44,183 | INFO | Cycle start
2026-04-22 16:22:44,183 | INFO | Market closed
2026-04-22 16:22:44,469 | INFO | Cycle start
2026-04-22 16:22:44,470 | INFO | Market closed
2026-04-22 16:22:49,381 | INFO | Cycle start
2026-04-22 16:22:49,381 | INFO | Market closed
2026-04-22 16:23:01,420 | INFO | Cycle start
2026-04-22 16:23:01,420 | INFO | Market closed
2026-04-22 16:23:02,305 | INFO | Cycle start
2026-04-22 16:23:02,306 | INFO | Market closed
2026-04-22 16:23:04,219 | INFO | Cycle start
2026-04-22 16:23:04,219 | INFO | Market closed
2026-04-22 16:23:08,914 | INFO | Cycle start
2026-04-22 16:23:08,917 | INFO | Market closed
2026-04-22 16:23:11,679 | INFO | Cycle start
2026-04-22 16:23:11,684 | INFO | Market closed
2026-04-22 16:23:14,193 | INFO | Cycle start
2026-04-22 16:23:14,194 | INFO | Market closed
2026-04-22 16:23:14,474 | INFO | Cycle start
2026-04-22 16:23:14,476 | INFO | Market closed
2026-04-22 16:23:19,382 | INFO | Cycle start
2026-04-22 16:23:19,384 | INFO | Market closed
2026-04-22 16:23:31,422 | INFO | Cycle start
2026-04-22 16:23:31,422 | INFO | Market closed
2026-04-22 16:23:32,308 | INFO | Cycle start
2026-04-22 16:23:32,308 | INFO | Market closed
2026-04-22 16:23:34,226 | INFO | Cycle start
2026-04-22 16:23:34,226 | INFO | Market closed
2026-04-22 16:23:38,921 | INFO | Cycle start
2026-04-22 16:23:38,921 | INFO | Market closed
2026-04-22 16:23:41,703 | INFO | Cycle start
2026-04-22 16:23:41,703 | INFO | Market closed
2026-04-22 16:23:44,200 | INFO | Cycle start
2026-04-22 16:23:44,202 | INFO | Market closed
2026-04-22 16:23:44,484 | INFO | Cycle start
2026-04-22 16:23:44,484 | INFO | Market closed
2026-04-22 16:23:49,386 | INFO | Cycle start
2026-04-22 16:23:49,386 | INFO | Market closed
2026-04-22 16:24:01,425 | INFO | Cycle start
2026-04-22 16:24:01,425 | INFO | Market closed
2026-04-22 16:24:02,322 | INFO | Cycle start
2026-04-22 16:24:02,323 | INFO | Market closed
2026-04-22 16:24:04,239 | INFO | Cycle start
2026-04-22 16:24:04,240 | INFO | Market closed
2026-04-22 16:24:08,930 | INFO | Cycle start
2026-04-22 16:24:08,933 | INFO | Market closed
2026-04-22 16:24:11,711 | INFO | Cycle start
2026-04-22 16:24:11,712 | INFO | Market closed
2026-04-22 16:24:14,209 | INFO | Cycle start
2026-04-22 16:24:14,210 | INFO | Market closed
2026-04-22 16:24:14,495 | INFO | Cycle start
2026-04-22 16:24:14,497 | INFO | Market closed
2026-04-22 16:24:19,392 | INFO | Cycle start
2026-04-22 16:24:19,392 | INFO | Market closed
2026-04-22 16:24:31,428 | INFO | Cycle start
2026-04-22 16:24:31,428 | INFO | Market closed
2026-04-22 16:24:32,324 | INFO | Cycle start
2026-04-22 16:24:32,324 | INFO | Market closed
2026-04-22 16:24:34,243 | INFO | Cycle start
2026-04-22 16:24:34,244 | INFO | Market closed
2026-04-22 16:24:38,942 | INFO | Cycle start
2026-04-22 16:24:38,944 | INFO | Market closed
2026-04-22 16:24:41,722 | INFO | Cycle start
2026-04-22 16:24:41,722 | INFO | Market closed
2026-04-22 16:24:44,218 | INFO | Cycle start
2026-04-22 16:24:44,218 | INFO | Market closed
2026-04-22 16:24:44,503 | INFO | Cycle start
2026-04-22 16:24:44,503 | INFO | Market closed
2026-04-22 16:24:49,399 | INFO | Cycle start
2026-04-22 16:24:49,399 | INFO | Market closed
2026-04-22 16:25:01,439 | INFO | Cycle start
2026-04-22 16:25:01,440 | INFO | Market closed
2026-04-22 16:25:02,328 | INFO | Cycle start
2026-04-22 16:25:02,329 | INFO | Market closed
2026-04-22 16:25:04,253 | INFO | Cycle start
2026-04-22 16:25:04,255 | INFO | Market closed
2026-04-22 16:25:08,948 | INFO | Cycle start
2026-04-22 16:25:08,950 | INFO | Market closed
2026-04-22 16:25:11,731 | INFO | Cycle start
2026-04-22 16:25:11,732 | INFO | Market closed
2026-04-22 16:25:14,228 | INFO | Cycle start
2026-04-22 16:25:14,228 | INFO | Market closed
2026-04-22 16:25:14,511 | INFO | Cycle start
2026-04-22 16:25:14,511 | INFO | Market closed
2026-04-22 16:25:19,408 | INFO | Cycle start
2026-04-22 16:25:19,409 | INFO | Market closed
2026-04-22 16:25:31,442 | INFO | Cycle start
2026-04-22 16:25:31,442 | INFO | Market closed
2026-04-22 16:25:32,345 | INFO | Cycle start
2026-04-22 16:25:32,345 | INFO | Market closed
2026-04-22 16:25:34,262 | INFO | Cycle start
2026-04-22 16:25:34,263 | INFO | Market closed
2026-04-22 16:25:38,958 | INFO | Cycle start
2026-04-22 16:25:38,960 | INFO | Market closed
2026-04-22 16:25:41,740 | INFO | Cycle start
2026-04-22 16:25:41,740 | INFO | Market closed
2026-04-22 16:25:44,235 | INFO | Cycle start
2026-04-22 16:25:44,237 | INFO | Market closed
2026-04-22 16:25:44,520 | INFO | Cycle start
2026-04-22 16:25:44,523 | INFO | Market closed
2026-04-22 16:25:49,414 | INFO | Cycle start
2026-04-22 16:25:49,416 | INFO | Market closed
2026-04-22 16:26:01,455 | INFO | Cycle start
2026-04-22 16:26:01,455 | INFO | Market closed
2026-04-22 16:26:02,354 | INFO | Cycle start
2026-04-22 16:26:02,356 | INFO | Market closed
2026-04-22 16:26:04,267 | INFO | Cycle start
2026-04-22 16:26:04,268 | INFO | Market closed
2026-04-22 16:26:08,968 | INFO | Cycle start
2026-04-22 16:26:08,968 | INFO | Market closed
2026-04-22 16:26:11,747 | INFO | Cycle start
2026-04-22 16:26:11,748 | INFO | Market closed
2026-04-22 16:26:14,244 | INFO | Cycle start
2026-04-22 16:26:14,245 | INFO | Market closed
2026-04-22 16:26:14,529 | INFO | Cycle start
2026-04-22 16:26:14,529 | INFO | Market closed
2026-04-22 16:26:19,425 | INFO | Cycle start
2026-04-22 16:26:19,426 | INFO | Market closed
2026-04-22 16:26:31,465 | INFO | Cycle start
2026-04-22 16:26:31,465 | INFO | Market closed
2026-04-22 16:26:32,364 | INFO | Cycle start
2026-04-22 16:26:32,365 | INFO | Market closed
2026-04-22 16:26:34,278 | INFO | Cycle start
2026-04-22 16:26:34,279 | INFO | Market closed
2026-04-22 16:26:38,971 | INFO | Cycle start
2026-04-22 16:26:38,973 | INFO | Market closed
2026-04-22 16:26:41,753 | INFO | Cycle start
2026-04-22 16:26:41,755 | INFO | Market closed
2026-04-22 16:26:44,255 | INFO | Cycle start
2026-04-22 16:26:44,256 | INFO | Market closed
2026-04-22 16:26:44,537 | INFO | Cycle start
2026-04-22 16:26:44,538 | INFO | Market closed
2026-04-22 16:26:49,433 | INFO | Cycle start
2026-04-22 16:26:49,435 | INFO | Market closed
2026-04-22 16:27:01,474 | INFO | Cycle start
2026-04-22 16:27:01,475 | INFO | Market closed
2026-04-22 16:27:02,371 | INFO | Cycle start
2026-04-22 16:27:02,372 | INFO | Market closed
2026-04-22 16:27:04,288 | INFO | Cycle start
2026-04-22 16:27:04,288 | INFO | Market closed
2026-04-22 16:27:08,985 | INFO | Cycle start
2026-04-22 16:27:08,989 | INFO | Market closed
2026-04-22 16:27:11,765 | INFO | Cycle start
2026-04-22 16:27:11,767 | INFO | Market closed
2026-04-22 16:27:14,262 | INFO | Cycle start
2026-04-22 16:27:14,263 | INFO | Market closed
2026-04-22 16:27:14,546 | INFO | Cycle start
2026-04-22 16:27:14,547 | INFO | Market closed
2026-04-22 16:27:19,443 | INFO | Cycle start
2026-04-22 16:27:19,443 | INFO | Market closed
2026-04-22 16:27:31,481 | INFO | Cycle start
2026-04-22 16:27:31,482 | INFO | Market closed
2026-04-22 16:27:32,381 | INFO | Cycle start
2026-04-22 16:27:32,384 | INFO | Market closed
2026-04-22 16:27:34,297 | INFO | Cycle start
2026-04-22 16:27:34,297 | INFO | Market closed
2026-04-22 16:27:38,995 | INFO | Cycle start
2026-04-22 16:27:38,997 | INFO | Market closed
2026-04-22 16:27:41,775 | INFO | Cycle start
2026-04-22 16:27:41,775 | INFO | Market closed
2026-04-22 16:27:44,268 | INFO | Cycle start
2026-04-22 16:27:44,268 | INFO | Market closed
2026-04-22 16:27:44,555 | INFO | Cycle start
2026-04-22 16:27:44,557 | INFO | Market closed
2026-04-22 16:27:49,451 | INFO | Cycle start
2026-04-22 16:27:49,451 | INFO | Market closed
2026-04-22 16:28:01,492 | INFO | Cycle start
2026-04-22 16:28:01,493 | INFO | Market closed
2026-04-22 16:28:02,392 | INFO | Cycle start
2026-04-22 16:28:02,394 | INFO | Market closed
2026-04-22 16:28:04,306 | INFO | Cycle start
2026-04-22 16:28:04,307 | INFO | Market closed
2026-04-22 16:28:09,002 | INFO | Cycle start
2026-04-22 16:28:09,002 | INFO | Market closed
2026-04-22 16:28:11,782 | INFO | Cycle start
2026-04-22 16:28:11,783 | INFO | Market closed
2026-04-22 16:28:14,280 | INFO | Cycle start
2026-04-22 16:28:14,280 | INFO | Market closed
2026-04-22 16:28:14,563 | INFO | Cycle start
2026-04-22 16:28:14,564 | INFO | Market closed
2026-04-22 16:28:19,460 | INFO | Cycle start
2026-04-22 16:28:19,462 | INFO | Market closed
2026-04-22 16:28:31,500 | INFO | Cycle start
2026-04-22 16:28:31,503 | INFO | Market closed
2026-04-22 16:28:32,401 | INFO | Cycle start
2026-04-22 16:28:32,401 | INFO | Market closed
2026-04-22 16:28:34,315 | INFO | Cycle start
2026-04-22 16:28:34,319 | INFO | Market closed
2026-04-22 16:28:39,011 | INFO | Cycle start
2026-04-22 16:28:39,011 | INFO | Market closed
2026-04-22 16:28:41,792 | INFO | Cycle start
2026-04-22 16:28:41,793 | INFO | Market closed
2026-04-22 16:28:44,287 | INFO | Cycle start
2026-04-22 16:28:44,288 | INFO | Market closed
2026-04-22 16:28:44,572 | INFO | Cycle start
2026-04-22 16:28:44,573 | INFO | Market closed
2026-04-22 16:28:49,468 | INFO | Cycle start
2026-04-22 16:28:49,468 | INFO | Market closed
2026-04-22 16:29:01,507 | INFO | Cycle start
2026-04-22 16:29:01,509 | INFO | Market closed
2026-04-22 16:29:02,408 | INFO | Cycle start
2026-04-22 16:29:02,408 | INFO | Market closed
2026-04-22 16:29:04,324 | INFO | Cycle start
2026-04-22 16:29:04,327 | INFO | Market closed
2026-04-22 16:29:09,026 | INFO | Cycle start
2026-04-22 16:29:09,026 | INFO | Market closed
2026-04-22 16:29:11,806 | INFO | Cycle start
2026-04-22 16:29:11,809 | INFO | Market closed
2026-04-22 16:29:14,297 | INFO | Cycle start
2026-04-22 16:29:14,299 | INFO | Market closed
2026-04-22 16:29:14,582 | INFO | Cycle start
2026-04-22 16:29:14,582 | INFO | Market closed
2026-04-22 16:29:19,477 | INFO | Cycle start
2026-04-22 16:29:19,478 | INFO | Market closed
2026-04-22 16:29:31,512 | INFO | Cycle start
2026-04-22 16:29:31,513 | INFO | Market closed
2026-04-22 16:29:32,414 | INFO | Cycle start
2026-04-22 16:29:32,415 | INFO | Market closed
2026-04-22 16:29:34,342 | INFO | Cycle start
2026-04-22 16:29:34,343 | INFO | Market closed
2026-04-22 16:29:39,040 | INFO | Cycle start
2026-04-22 16:29:39,041 | INFO | Market closed
2026-04-22 16:29:41,823 | INFO | Cycle start
2026-04-22 16:29:41,824 | INFO | Market closed
2026-04-22 16:29:44,300 | INFO | Cycle start
2026-04-22 16:29:44,300 | INFO | Market closed
2026-04-22 16:29:44,585 | INFO | Cycle start
2026-04-22 16:29:44,585 | INFO | Market closed
2026-04-22 16:29:49,484 | INFO | Cycle start
2026-04-22 16:29:49,484 | INFO | Market closed
2026-04-22 16:30:01,524 | INFO | Cycle start
2026-04-22 16:30:01,524 | INFO | Market closed
2026-04-22 16:30:02,427 | INFO | Cycle start
2026-04-22 16:30:02,428 | INFO | Market closed
2026-04-22 16:30:04,358 | INFO | Cycle start
2026-04-22 16:30:04,358 | INFO | Market closed
2026-04-22 16:30:09,055 | INFO | Cycle start
2026-04-22 16:30:09,055 | INFO | Market closed
2026-04-22 16:30:11,835 | INFO | Cycle start
2026-04-22 16:30:11,835 | INFO | Market closed
2026-04-22 16:30:14,323 | INFO | Cycle start
2026-04-22 16:30:14,331 | INFO | Market closed
2026-04-22 16:30:14,593 | INFO | Cycle start
2026-04-22 16:30:14,596 | INFO | Market closed
2026-04-22 16:30:19,492 | INFO | Cycle start
2026-04-22 16:30:19,493 | INFO | Market closed
2026-04-22 16:30:31,534 | INFO | Cycle start
2026-04-22 16:30:31,534 | INFO | Market closed
2026-04-22 16:30:32,435 | INFO | Cycle start
2026-04-22 16:30:32,436 | INFO | Market closed
2026-04-22 16:30:34,363 | INFO | Cycle start
2026-04-22 16:30:34,363 | INFO | Market closed
2026-04-22 16:30:39,063 | INFO | Cycle start
2026-04-22 16:30:39,063 | INFO | Market closed
2026-04-22 16:30:41,842 | INFO | Cycle start
2026-04-22 16:30:41,843 | INFO | Market closed
2026-04-22 16:30:44,339 | INFO | Cycle start
2026-04-22 16:30:44,340 | INFO | Market closed
2026-04-22 16:30:44,607 | INFO | Cycle start
2026-04-22 16:30:44,608 | INFO | Market closed
2026-04-22 16:30:49,502 | INFO | Cycle start
2026-04-22 16:30:49,503 | INFO | Market closed
2026-04-22 16:31:01,545 | INFO | Cycle start
2026-04-22 16:31:01,546 | INFO | Market closed
2026-04-22 16:31:02,441 | INFO | Cycle start
2026-04-22 16:31:02,442 | INFO | Market closed
2026-04-22 16:31:04,373 | INFO | Cycle start
2026-04-22 16:31:04,374 | INFO | Market closed
2026-04-22 16:31:09,070 | INFO | Cycle start
2026-04-22 16:31:09,072 | INFO | Market closed
2026-04-22 16:31:11,849 | INFO | Cycle start
2026-04-22 16:31:11,852 | INFO | Market closed
2026-04-22 16:31:14,351 | INFO | Cycle start
2026-04-22 16:31:14,351 | INFO | Market closed
2026-04-22 16:31:14,617 | INFO | Cycle start
2026-04-22 16:31:14,622 | INFO | Market closed
2026-04-22 16:31:19,512 | INFO | Cycle start
2026-04-22 16:31:19,514 | INFO | Market closed
2026-04-22 16:31:31,548 | INFO | Cycle start
2026-04-22 16:31:31,552 | INFO | Market closed
2026-04-22 16:31:32,448 | INFO | Cycle start
2026-04-22 16:31:32,448 | INFO | Market closed
2026-04-22 16:31:34,377 | INFO | Cycle start
2026-04-22 16:31:34,379 | INFO | Market closed
2026-04-22 16:31:39,072 | INFO | Cycle start
2026-04-22 16:31:39,072 | INFO | Market closed
2026-04-22 16:31:41,868 | INFO | Cycle start
2026-04-22 16:31:41,870 | INFO | Market closed
2026-04-22 16:31:44,360 | INFO | Cycle start
2026-04-22 16:31:44,360 | INFO | Market closed
2026-04-22 16:31:44,636 | INFO | Cycle start
2026-04-22 16:31:44,636 | INFO | Market closed
2026-04-22 16:31:49,518 | INFO | Cycle start
2026-04-22 16:31:49,519 | INFO | Market closed
2026-04-22 16:32:01,563 | INFO | Cycle start
2026-04-22 16:32:01,567 | INFO | Market closed
2026-04-22 16:32:02,464 | INFO | Cycle start
2026-04-22 16:32:02,464 | INFO | Market closed
2026-04-22 16:32:04,390 | INFO | Cycle start
2026-04-22 16:32:04,390 | INFO | Market closed
2026-04-22 16:32:09,082 | INFO | Cycle start
2026-04-22 16:32:09,083 | INFO | Market closed
2026-04-22 16:32:11,872 | INFO | Cycle start
2026-04-22 16:32:11,872 | INFO | Market closed
2026-04-22 16:32:14,368 | INFO | Cycle start
2026-04-22 16:32:14,369 | INFO | Market closed
2026-04-22 16:32:14,650 | INFO | Cycle start
2026-04-22 16:32:14,650 | INFO | Market closed
2026-04-22 16:32:19,529 | INFO | Cycle start
2026-04-22 16:32:19,530 | INFO | Market closed
2026-04-22 16:32:31,570 | INFO | Cycle start
2026-04-22 16:32:31,570 | INFO | Market closed
2026-04-22 16:32:32,470 | INFO | Cycle start
2026-04-22 16:32:32,470 | INFO | Market closed
2026-04-22 16:32:34,401 | INFO | Cycle start
2026-04-22 16:32:34,403 | INFO | Market closed
2026-04-22 16:32:39,091 | INFO | Cycle start
2026-04-22 16:32:39,092 | INFO | Market closed
2026-04-22 16:32:41,880 | INFO | Cycle start
2026-04-22 16:32:41,880 | INFO | Market closed
2026-04-22 16:32:44,376 | INFO | Cycle start
2026-04-22 16:32:44,376 | INFO | Market closed
2026-04-22 16:32:44,658 | INFO | Cycle start
2026-04-22 16:32:44,659 | INFO | Market closed
2026-04-22 16:32:49,537 | INFO | Cycle start
2026-04-22 16:32:49,538 | INFO | Market closed
2026-04-22 16:33:01,577 | INFO | Cycle start
2026-04-22 16:33:01,577 | INFO | Market closed
2026-04-22 16:33:02,485 | INFO | Cycle start
2026-04-22 16:33:02,485 | INFO | Market closed
2026-04-22 16:33:04,408 | INFO | Cycle start
2026-04-22 16:33:04,408 | INFO | Market closed
2026-04-22 16:33:09,097 | INFO | Cycle start
2026-04-22 16:33:09,097 | INFO | Market closed
2026-04-22 16:33:11,883 | INFO | Cycle start
2026-04-22 16:33:11,883 | INFO | Market closed
2026-04-22 16:33:14,377 | INFO | Cycle start
2026-04-22 16:33:14,377 | INFO | Market closed
2026-04-22 16:33:14,667 | INFO | Cycle start
2026-04-22 16:33:14,668 | INFO | Market closed
2026-04-22 16:33:19,546 | INFO | Cycle start
2026-04-22 16:33:19,546 | INFO | Market closed
2026-04-22 16:33:31,585 | INFO | Cycle start
2026-04-22 16:33:31,587 | INFO | Market closed
2026-04-22 16:33:32,497 | INFO | Cycle start
2026-04-22 16:33:32,498 | INFO | Market closed
2026-04-22 16:33:34,417 | INFO | Cycle start
2026-04-22 16:33:34,419 | INFO | Market closed
2026-04-22 16:33:39,099 | INFO | Cycle start
2026-04-22 16:33:39,100 | INFO | Market closed
2026-04-22 16:33:41,899 | INFO | Cycle start
2026-04-22 16:33:41,900 | INFO | Market closed
2026-04-22 16:33:44,392 | INFO | Cycle start
2026-04-22 16:33:44,393 | INFO | Market closed
2026-04-22 16:33:44,674 | INFO | Cycle start
2026-04-22 16:33:44,675 | INFO | Market closed
2026-04-22 16:33:49,553 | INFO | Cycle start
2026-04-22 16:33:49,555 | INFO | Market closed
2026-04-22 16:34:01,595 | INFO | Cycle start
2026-04-22 16:34:01,596 | INFO | Market closed
2026-04-22 16:34:02,512 | INFO | Cycle start
2026-04-22 16:34:02,512 | INFO | Market closed
2026-04-22 16:34:04,432 | INFO | Cycle start
2026-04-22 16:34:04,433 | INFO | Market closed
2026-04-22 16:34:09,102 | INFO | Cycle start
2026-04-22 16:34:09,102 | INFO | Market closed
2026-04-22 16:34:11,915 | INFO | Cycle start
2026-04-22 16:34:11,917 | INFO | Market closed
2026-04-22 16:34:14,399 | INFO | Cycle start
2026-04-22 16:34:14,399 | INFO | Market closed
2026-04-22 16:34:14,684 | INFO | Cycle start
2026-04-22 16:34:14,684 | INFO | Market closed
2026-04-22 16:34:19,562 | INFO | Cycle start
2026-04-22 16:34:19,563 | INFO | Market closed
2026-04-22 16:34:31,605 | INFO | Cycle start
2026-04-22 16:34:31,605 | INFO | Market closed
2026-04-22 16:34:32,519 | INFO | Cycle start
2026-04-22 16:34:32,520 | INFO | Market closed
2026-04-22 16:34:34,450 | INFO | Cycle start
2026-04-22 16:34:34,451 | INFO | Market closed
2026-04-22 16:34:39,115 | INFO | Cycle start
2026-04-22 16:34:39,116 | INFO | Market closed
2026-04-22 16:34:41,926 | INFO | Cycle start
2026-04-22 16:34:41,928 | INFO | Market closed
2026-04-22 16:34:44,408 | INFO | Cycle start
2026-04-22 16:34:44,409 | INFO | Market closed
2026-04-22 16:34:44,707 | INFO | Cycle start
2026-04-22 16:34:44,709 | INFO | Market closed
2026-04-22 16:34:49,570 | INFO | Cycle start
2026-04-22 16:34:49,572 | INFO | Market closed
2026-04-22 16:35:01,613 | INFO | Cycle start
2026-04-22 16:35:01,613 | INFO | Market closed
2026-04-22 16:35:02,524 | INFO | Cycle start
2026-04-22 16:35:02,524 | INFO | Market closed
2026-04-22 16:35:04,458 | INFO | Cycle start
2026-04-22 16:35:04,458 | INFO | Market closed
2026-04-22 16:35:09,121 | INFO | Cycle start
2026-04-22 16:35:09,127 | INFO | Market closed
2026-04-22 16:35:11,937 | INFO | Cycle start
2026-04-22 16:35:11,938 | INFO | Market closed
2026-04-22 16:35:14,410 | INFO | Cycle start
2026-04-22 16:35:14,411 | INFO | Market closed
2026-04-22 16:35:14,717 | INFO | Cycle start
2026-04-22 16:35:14,717 | INFO | Market closed
2026-04-22 16:35:19,574 | INFO | Cycle start
2026-04-22 16:35:19,577 | INFO | Market closed
